period,location,stateDescription,sectorid,sectorDescription,fueltypeid,fuelTypeDescription,generation,generation-units
2001-01,NC,North Carolina,96,All Commercial,ALL,all fuels,13.646,thousand megawatthours
2001-01,NC,North Carolina,97,All Industrial,ALL,all fuels,303.266,thousand megawatthours
2001-02,NC,North Carolina,96,All Commercial,ALL,all fuels,11.036,thousand megawatthours
2001-02,NC,North Carolina,97,All Industrial,ALL,all fuels,269.517,thousand megawatthours
2001-03,NC,North Carolina,96,All Commercial,ALL,all fuels,7.545,thousand megawatthours
2001-03,NC,North Carolina,97,All Industrial,ALL,all fuels,338.239,thousand megawatthours
2001-04,NC,North Carolina,96,All Commercial,ALL,all fuels,2.667,thousand megawatthours
2001-04,NC,North Carolina,97,All Industrial,ALL,all fuels,300.904,thousand megawatthours
2001-05,NC,North Carolina,96,All Commercial,ALL,all fuels,5.345,thousand megawatthours
2001-05,NC,North Carolina,97,All Industrial,ALL,all fuels,276.159,thousand megawatthours
2001-06,NC,North Carolina,96,All Commercial,ALL,all fuels,6.517,thousand megawatthours
2001-06,NC,North Carolina,97,All Industrial,ALL,all fuels,254.925,thousand megawatthours
2001-07,NC,North Carolina,96,All Commercial,ALL,all fuels,7.431,thousand megawatthours
2001-07,NC,North Carolina,97,All Industrial,ALL,all fuels,273.486,thousand megawatthours
2001-08,NC,North Carolina,96,All Commercial,ALL,all fuels,10.588,thousand megawatthours
2001-08,NC,North Carolina,97,All Industrial,ALL,all fuels,318.36,thousand megawatthours
2001-09,NC,North Carolina,96,All Commercial,ALL,all fuels,4.599,thousand megawatthours
2001-09,NC,North Carolina,97,All Industrial,ALL,all fuels,276.356,thousand megawatthours
2001-10,NC,North Carolina,96,All Commercial,ALL,all fuels,5.942,thousand megawatthours
2001-10,NC,North Carolina,97,All Industrial,ALL,all fuels,258.618,thousand megawatthours
2001-11,NC,North Carolina,96,All Commercial,ALL,all fuels,9.304,thousand megawatthours
2001-11,NC,North Carolina,97,All Industrial,ALL,all fuels,251.7,thousand megawatthours
2001-12,NC,North Carolina,96,All Commercial,ALL,all fuels,10.687,thousand megawatthours
2001-12,NC,North Carolina,97,All Industrial,ALL,all fuels,318.112,thousand megawatthours
2002-01,NC,North Carolina,96,All Commercial,ALL,all fuels,11.203,thousand megawatthours
2002-01,NC,North Carolina,97,All Industrial,ALL,all fuels,347.929,thousand megawatthours
2002-02,NC,North Carolina,96,All Commercial,ALL,all fuels,10.842,thousand megawatthours
2002-02,NC,North Carolina,97,All Industrial,ALL,all fuels,319.324,thousand megawatthours
2002-03,NC,North Carolina,96,All Commercial,ALL,all fuels,7.771,thousand megawatthours
2002-03,NC,North Carolina,97,All Industrial,ALL,all fuels,288.423,thousand megawatthours
2002-04,NC,North Carolina,96,All Commercial,ALL,all fuels,5.961,thousand megawatthours
2002-04,NC,North Carolina,97,All Industrial,ALL,all fuels,297.547,thousand megawatthours
2002-05,NC,North Carolina,96,All Commercial,ALL,all fuels,6.899,thousand megawatthours
2002-05,NC,North Carolina,97,All Industrial,ALL,all fuels,255.507,thousand megawatthours
2002-06,NC,North Carolina,96,All Commercial,ALL,all fuels,9.759,thousand megawatthours
2002-06,NC,North Carolina,97,All Industrial,ALL,all fuels,243.053,thousand megawatthours
2002-07,NC,North Carolina,96,All Commercial,ALL,all fuels,11.84,thousand megawatthours
2002-07,NC,North Carolina,97,All Industrial,ALL,all fuels,258.013,thousand megawatthours
2002-08,NC,North Carolina,96,All Commercial,ALL,all fuels,11.574,thousand megawatthours
2002-08,NC,North Carolina,97,All Industrial,ALL,all fuels,255.118,thousand megawatthours
2002-09,NC,North Carolina,96,All Commercial,ALL,all fuels,5.154,thousand megawatthours
2002-09,NC,North Carolina,97,All Industrial,ALL,all fuels,255.571,thousand megawatthours
2002-10,NC,North Carolina,96,All Commercial,ALL,all fuels,5.878,thousand megawatthours
2002-10,NC,North Carolina,97,All Industrial,ALL,all fuels,298.021,thousand megawatthours
2002-11,NC,North Carolina,96,All Commercial,ALL,all fuels,8.952,thousand megawatthours
2002-11,NC,North Carolina,97,All Industrial,ALL,all fuels,350.74,thousand megawatthours
2002-12,NC,North Carolina,96,All Commercial,ALL,all fuels,10.595,thousand megawatthours
2002-12,NC,North Carolina,97,All Industrial,ALL,all fuels,408.652,thousand megawatthours
2003-01,NC,North Carolina,96,All Commercial,ALL,all fuels,9.569,thousand megawatthours
2003-01,NC,North Carolina,97,All Industrial,ALL,all fuels,328.543,thousand megawatthours
2003-02,NC,North Carolina,96,All Commercial,ALL,all fuels,8.538,thousand megawatthours
2003-02,NC,North Carolina,97,All Industrial,ALL,all fuels,319.899,thousand megawatthours
2003-03,NC,North Carolina,96,All Commercial,ALL,all fuels,8.459,thousand megawatthours
2003-03,NC,North Carolina,97,All Industrial,ALL,all fuels,322.903,thousand megawatthours
2003-04,NC,North Carolina,96,All Commercial,ALL,all fuels,7.191,thousand megawatthours
2003-04,NC,North Carolina,97,All Industrial,ALL,all fuels,232.588,thousand megawatthours
2003-05,NC,North Carolina,96,All Commercial,ALL,all fuels,7.71,thousand megawatthours
2003-05,NC,North Carolina,97,All Industrial,ALL,all fuels,283.81,thousand megawatthours
2003-06,NC,North Carolina,96,All Commercial,ALL,all fuels,8.497,thousand megawatthours
2003-06,NC,North Carolina,97,All Industrial,ALL,all fuels,281.085,thousand megawatthours
2003-07,NC,North Carolina,96,All Commercial,ALL,all fuels,9.347,thousand megawatthours
2003-07,NC,North Carolina,97,All Industrial,ALL,all fuels,311.94,thousand megawatthours
2003-08,NC,North Carolina,96,All Commercial,ALL,all fuels,9.871,thousand megawatthours
2003-08,NC,North Carolina,97,All Industrial,ALL,all fuels,297.67,thousand megawatthours
2003-09,NC,North Carolina,96,All Commercial,ALL,all fuels,8.031,thousand megawatthours
2003-09,NC,North Carolina,97,All Industrial,ALL,all fuels,287.952,thousand megawatthours
2003-10,NC,North Carolina,96,All Commercial,ALL,all fuels,7.544,thousand megawatthours
2003-10,NC,North Carolina,97,All Industrial,ALL,all fuels,277.136,thousand megawatthours
2003-11,NC,North Carolina,96,All Commercial,ALL,all fuels,7.915,thousand megawatthours
2003-11,NC,North Carolina,97,All Industrial,ALL,all fuels,261.982,thousand megawatthours
2003-12,NC,North Carolina,96,All Commercial,ALL,all fuels,9.481,thousand megawatthours
2003-12,NC,North Carolina,97,All Industrial,ALL,all fuels,323.602,thousand megawatthours
2004-01,NC,North Carolina,96,All Commercial,ALL,all fuels,14.87912,thousand megawatthours
2004-01,NC,North Carolina,97,All Industrial,ALL,all fuels,287.74043,thousand megawatthours
2004-02,NC,North Carolina,96,All Commercial,ALL,all fuels,14.09234,thousand megawatthours
2004-02,NC,North Carolina,97,All Industrial,ALL,all fuels,243.64682,thousand megawatthours
2004-03,NC,North Carolina,96,All Commercial,ALL,all fuels,9.3567,thousand megawatthours
2004-03,NC,North Carolina,97,All Industrial,ALL,all fuels,236.85173,thousand megawatthours
2004-04,NC,North Carolina,96,All Commercial,ALL,all fuels,2.02865,thousand megawatthours
2004-04,NC,North Carolina,97,All Industrial,ALL,all fuels,212.69386,thousand megawatthours
2004-05,NC,North Carolina,96,All Commercial,ALL,all fuels,9.58933,thousand megawatthours
2004-05,NC,North Carolina,97,All Industrial,ALL,all fuels,248.72202,thousand megawatthours
2004-06,NC,North Carolina,96,All Commercial,ALL,all fuels,10.63568,thousand megawatthours
2004-06,NC,North Carolina,97,All Industrial,ALL,all fuels,198.4706,thousand megawatthours
2004-07,NC,North Carolina,96,All Commercial,ALL,all fuels,9.66664,thousand megawatthours
2004-07,NC,North Carolina,97,All Industrial,ALL,all fuels,241.42078,thousand megawatthours
2004-08,NC,North Carolina,96,All Commercial,ALL,all fuels,9.86035,thousand megawatthours
2004-08,NC,North Carolina,97,All Industrial,ALL,all fuels,218.24817,thousand megawatthours
2004-09,NC,North Carolina,96,All Commercial,ALL,all fuels,8.73116,thousand megawatthours
2004-09,NC,North Carolina,97,All Industrial,ALL,all fuels,251.88104,thousand megawatthours
2004-10,NC,North Carolina,96,All Commercial,ALL,all fuels,7.98613,thousand megawatthours
2004-10,NC,North Carolina,97,All Industrial,ALL,all fuels,270.54635,thousand megawatthours
2004-11,NC,North Carolina,96,All Commercial,ALL,all fuels,9.15,thousand megawatthours
2004-11,NC,North Carolina,97,All Industrial,ALL,all fuels,279.00424,thousand megawatthours
2004-12,NC,North Carolina,96,All Commercial,ALL,all fuels,12.80041,thousand megawatthours
2004-12,NC,North Carolina,97,All Industrial,ALL,all fuels,287.88736,thousand megawatthours
2005-01,NC,North Carolina,96,All Commercial,ALL,all fuels,12.58261,thousand megawatthours
2005-01,NC,North Carolina,97,All Industrial,ALL,all fuels,291.25087,thousand megawatthours
2005-02,NC,North Carolina,96,All Commercial,ALL,all fuels,11.52586,thousand megawatthours
2005-02,NC,North Carolina,97,All Industrial,ALL,all fuels,232.42444,thousand megawatthours
2005-03,NC,North Carolina,96,All Commercial,ALL,all fuels,10.59367,thousand megawatthours
2005-03,NC,North Carolina,97,All Industrial,ALL,all fuels,257.794,thousand megawatthours
2005-04,NC,North Carolina,96,All Commercial,ALL,all fuels,8.24284,thousand megawatthours
2005-04,NC,North Carolina,97,All Industrial,ALL,all fuels,243.91457,thousand megawatthours
2005-05,NC,North Carolina,96,All Commercial,ALL,all fuels,11.29417,thousand megawatthours
2005-05,NC,North Carolina,97,All Industrial,ALL,all fuels,214.02564,thousand megawatthours
2005-06,NC,North Carolina,96,All Commercial,ALL,all fuels,9.8982,thousand megawatthours
2005-06,NC,North Carolina,97,All Industrial,ALL,all fuels,236.13295,thousand megawatthours
2005-07,NC,North Carolina,96,All Commercial,ALL,all fuels,14.0657,thousand megawatthours
2005-07,NC,North Carolina,97,All Industrial,ALL,all fuels,289.21718,thousand megawatthours
2005-08,NC,North Carolina,96,All Commercial,ALL,all fuels,12.53619,thousand megawatthours
2005-08,NC,North Carolina,97,All Industrial,ALL,all fuels,237.0382,thousand megawatthours
2005-09,NC,North Carolina,96,All Commercial,ALL,all fuels,9.66245,thousand megawatthours
2005-09,NC,North Carolina,97,All Industrial,ALL,all fuels,250.74582,thousand megawatthours
2005-10,NC,North Carolina,96,All Commercial,ALL,all fuels,7.61716,thousand megawatthours
2005-10,NC,North Carolina,97,All Industrial,ALL,all fuels,258.53185,thousand megawatthours
2005-11,NC,North Carolina,96,All Commercial,ALL,all fuels,9.43169,thousand megawatthours
2005-11,NC,North Carolina,97,All Industrial,ALL,all fuels,241.43281,thousand megawatthours
2005-12,NC,North Carolina,96,All Commercial,ALL,all fuels,13.79218,thousand megawatthours
2005-12,NC,North Carolina,97,All Industrial,ALL,all fuels,262.83957,thousand megawatthours
2006-01,NC,North Carolina,96,All Commercial,ALL,all fuels,11.43587,thousand megawatthours
2006-01,NC,North Carolina,97,All Industrial,ALL,all fuels,286.66591,thousand megawatthours
2006-02,NC,North Carolina,96,All Commercial,ALL,all fuels,10.44467,thousand megawatthours
2006-02,NC,North Carolina,97,All Industrial,ALL,all fuels,237.85799,thousand megawatthours
2006-03,NC,North Carolina,96,All Commercial,ALL,all fuels,1.35523,thousand megawatthours
2006-03,NC,North Carolina,97,All Industrial,ALL,all fuels,217.93296,thousand megawatthours
2006-04,NC,North Carolina,96,All Commercial,ALL,all fuels,1.11319,thousand megawatthours
2006-04,NC,North Carolina,97,All Industrial,ALL,all fuels,187.60618,thousand megawatthours
2006-05,NC,North Carolina,96,All Commercial,ALL,all fuels,3.29953,thousand megawatthours
2006-05,NC,North Carolina,97,All Industrial,ALL,all fuels,172.21417,thousand megawatthours
2006-06,NC,North Carolina,96,All Commercial,ALL,all fuels,9.65666,thousand megawatthours
2006-06,NC,North Carolina,97,All Industrial,ALL,all fuels,161.33082,thousand megawatthours
2006-07,NC,North Carolina,96,All Commercial,ALL,all fuels,11.65946,thousand megawatthours
2006-07,NC,North Carolina,97,All Industrial,ALL,all fuels,227.37699,thousand megawatthours
2006-08,NC,North Carolina,96,All Commercial,ALL,all fuels,14.24317,thousand megawatthours
2006-08,NC,North Carolina,97,All Industrial,ALL,all fuels,213.92751,thousand megawatthours
2006-09,NC,North Carolina,96,All Commercial,ALL,all fuels,6.81396,thousand megawatthours
2006-09,NC,North Carolina,97,All Industrial,ALL,all fuels,208.30933,thousand megawatthours
2006-10,NC,North Carolina,96,All Commercial,ALL,all fuels,7.42136,thousand megawatthours
2006-10,NC,North Carolina,97,All Industrial,ALL,all fuels,242.38109,thousand megawatthours
2006-11,NC,North Carolina,96,All Commercial,ALL,all fuels,11.83967,thousand megawatthours
2006-11,NC,North Carolina,97,All Industrial,ALL,all fuels,250.37905,thousand megawatthours
2006-12,NC,North Carolina,96,All Commercial,ALL,all fuels,11.42627,thousand megawatthours
2006-12,NC,North Carolina,97,All Industrial,ALL,all fuels,241.56749,thousand megawatthours
2007-01,NC,North Carolina,96,All Commercial,ALL,all fuels,7.82679,thousand megawatthours
2007-01,NC,North Carolina,97,All Industrial,ALL,all fuels,199.41264,thousand megawatthours
2007-02,NC,North Carolina,96,All Commercial,ALL,all fuels,6.14597,thousand megawatthours
2007-02,NC,North Carolina,97,All Industrial,ALL,all fuels,161.47038,thousand megawatthours
2007-03,NC,North Carolina,96,All Commercial,ALL,all fuels,2.74087,thousand megawatthours
2007-03,NC,North Carolina,97,All Industrial,ALL,all fuels,168.16228,thousand megawatthours
2007-04,NC,North Carolina,96,All Commercial,ALL,all fuels,1.173,thousand megawatthours
2007-04,NC,North Carolina,97,All Industrial,ALL,all fuels,185.23338,thousand megawatthours
2007-05,NC,North Carolina,96,All Commercial,ALL,all fuels,0.82322,thousand megawatthours
2007-05,NC,North Carolina,97,All Industrial,ALL,all fuels,174.21014,thousand megawatthours
2007-06,NC,North Carolina,96,All Commercial,ALL,all fuels,2.29491,thousand megawatthours
2007-06,NC,North Carolina,97,All Industrial,ALL,all fuels,150.15347,thousand megawatthours
2007-07,NC,North Carolina,96,All Commercial,ALL,all fuels,8.48903,thousand megawatthours
2007-07,NC,North Carolina,97,All Industrial,ALL,all fuels,198.18898,thousand megawatthours
2007-08,NC,North Carolina,96,All Commercial,ALL,all fuels,15.42376,thousand megawatthours
2007-08,NC,North Carolina,97,All Industrial,ALL,all fuels,181.36172,thousand megawatthours
2007-09,NC,North Carolina,96,All Commercial,ALL,all fuels,4.86328,thousand megawatthours
2007-09,NC,North Carolina,97,All Industrial,ALL,all fuels,146.15787,thousand megawatthours
2007-10,NC,North Carolina,96,All Commercial,ALL,all fuels,6.04297,thousand megawatthours
2007-10,NC,North Carolina,97,All Industrial,ALL,all fuels,186.17712,thousand megawatthours
2007-11,NC,North Carolina,96,All Commercial,ALL,all fuels,9.07316,thousand megawatthours
2007-11,NC,North Carolina,97,All Industrial,ALL,all fuels,173.95605,thousand megawatthours
2007-12,NC,North Carolina,96,All Commercial,ALL,all fuels,11.54779,thousand megawatthours
2007-12,NC,North Carolina,97,All Industrial,ALL,all fuels,178.6081,thousand megawatthours
2008-01,NC,North Carolina,96,All Commercial,ALL,all fuels,12.23384,thousand megawatthours
2008-01,NC,North Carolina,97,All Industrial,ALL,all fuels,201.71883,thousand megawatthours
2008-02,NC,North Carolina,96,All Commercial,ALL,all fuels,9.07632,thousand megawatthours
2008-02,NC,North Carolina,97,All Industrial,ALL,all fuels,170.01407,thousand megawatthours
2008-03,NC,North Carolina,96,All Commercial,ALL,all fuels,5.77935,thousand megawatthours
2008-03,NC,North Carolina,97,All Industrial,ALL,all fuels,158.64644,thousand megawatthours
2008-04,NC,North Carolina,96,All Commercial,ALL,all fuels,4.50088,thousand megawatthours
2008-04,NC,North Carolina,97,All Industrial,ALL,all fuels,165.80064,thousand megawatthours
2008-05,NC,North Carolina,96,All Commercial,ALL,all fuels,5.6849,thousand megawatthours
2008-05,NC,North Carolina,97,All Industrial,ALL,all fuels,166.93813,thousand megawatthours
2008-06,NC,North Carolina,96,All Commercial,ALL,all fuels,11.39664,thousand megawatthours
2008-06,NC,North Carolina,97,All Industrial,ALL,all fuels,173.31183,thousand megawatthours
2008-07,NC,North Carolina,96,All Commercial,ALL,all fuels,11.11977,thousand megawatthours
2008-07,NC,North Carolina,97,All Industrial,ALL,all fuels,194.59579,thousand megawatthours
2008-08,NC,North Carolina,96,All Commercial,ALL,all fuels,8.27086,thousand megawatthours
2008-08,NC,North Carolina,97,All Industrial,ALL,all fuels,178.59058,thousand megawatthours
2008-09,NC,North Carolina,96,All Commercial,ALL,all fuels,3.06,thousand megawatthours
2008-09,NC,North Carolina,97,All Industrial,ALL,all fuels,133.36251,thousand megawatthours
2008-10,NC,North Carolina,96,All Commercial,ALL,all fuels,5.84709,thousand megawatthours
2008-10,NC,North Carolina,97,All Industrial,ALL,all fuels,165.57639,thousand megawatthours
2008-11,NC,North Carolina,96,All Commercial,ALL,all fuels,3.34113,thousand megawatthours
2008-11,NC,North Carolina,97,All Industrial,ALL,all fuels,171.30373,thousand megawatthours
2008-12,NC,North Carolina,96,All Commercial,ALL,all fuels,9.49338,thousand megawatthours
2008-12,NC,North Carolina,97,All Industrial,ALL,all fuels,164.18924,thousand megawatthours
2009-01,NC,North Carolina,96,All Commercial,ALL,all fuels,3.98348,thousand megawatthours
2009-01,NC,North Carolina,97,All Industrial,ALL,all fuels,204.77163,thousand megawatthours
2009-02,NC,North Carolina,96,All Commercial,ALL,all fuels,3.40284,thousand megawatthours
2009-02,NC,North Carolina,97,All Industrial,ALL,all fuels,157.16476,thousand megawatthours
2009-03,NC,North Carolina,96,All Commercial,ALL,all fuels,3.62646,thousand megawatthours
2009-03,NC,North Carolina,97,All Industrial,ALL,all fuels,159.15677,thousand megawatthours
2009-04,NC,North Carolina,96,All Commercial,ALL,all fuels,3.90478,thousand megawatthours
2009-04,NC,North Carolina,97,All Industrial,ALL,all fuels,149.29415,thousand megawatthours
2009-05,NC,North Carolina,96,All Commercial,ALL,all fuels,4.03431,thousand megawatthours
2009-05,NC,North Carolina,97,All Industrial,ALL,all fuels,156.23039,thousand megawatthours
2009-06,NC,North Carolina,96,All Commercial,ALL,all fuels,4.0603,thousand megawatthours
2009-06,NC,North Carolina,97,All Industrial,ALL,all fuels,149.60412,thousand megawatthours
2009-07,NC,North Carolina,96,All Commercial,ALL,all fuels,3.66666,thousand megawatthours
2009-07,NC,North Carolina,97,All Industrial,ALL,all fuels,151.97232,thousand megawatthours
2009-08,NC,North Carolina,96,All Commercial,ALL,all fuels,7.83204,thousand megawatthours
2009-08,NC,North Carolina,97,All Industrial,ALL,all fuels,153.80191,thousand megawatthours
2009-09,NC,North Carolina,96,All Commercial,ALL,all fuels,5.18547,thousand megawatthours
2009-09,NC,North Carolina,97,All Industrial,ALL,all fuels,143.79199,thousand megawatthours
2009-10,NC,North Carolina,96,All Commercial,ALL,all fuels,5.95596,thousand megawatthours
2009-10,NC,North Carolina,97,All Industrial,ALL,all fuels,126.48139,thousand megawatthours
2009-11,NC,North Carolina,96,All Commercial,ALL,all fuels,7.91506,thousand megawatthours
2009-11,NC,North Carolina,97,All Industrial,ALL,all fuels,133.82793,thousand megawatthours
2009-12,NC,North Carolina,96,All Commercial,ALL,all fuels,11.08164,thousand megawatthours
2009-12,NC,North Carolina,97,All Industrial,ALL,all fuels,166.93838,thousand megawatthours
2010-01,NC,North Carolina,96,All Commercial,ALL,all fuels,11.05097,thousand megawatthours
2010-01,NC,North Carolina,97,All Industrial,ALL,all fuels,200.09973,thousand megawatthours
2010-02,NC,North Carolina,96,All Commercial,ALL,all fuels,10.78306,thousand megawatthours
2010-02,NC,North Carolina,97,All Industrial,ALL,all fuels,196.22715,thousand megawatthours
2010-03,NC,North Carolina,96,All Commercial,ALL,all fuels,2.81469,thousand megawatthours
2010-03,NC,North Carolina,97,All Industrial,ALL,all fuels,152.94943,thousand megawatthours
2010-04,NC,North Carolina,96,All Commercial,ALL,all fuels,1.12067,thousand megawatthours
2010-04,NC,North Carolina,97,All Industrial,ALL,all fuels,165.44386,thousand megawatthours
2010-05,NC,North Carolina,96,All Commercial,ALL,all fuels,3.91503,thousand megawatthours
2010-05,NC,North Carolina,97,All Industrial,ALL,all fuels,159.22583,thousand megawatthours
2010-06,NC,North Carolina,96,All Commercial,ALL,all fuels,5.5141,thousand megawatthours
2010-06,NC,North Carolina,97,All Industrial,ALL,all fuels,175.79901,thousand megawatthours
2010-07,NC,North Carolina,96,All Commercial,ALL,all fuels,8.79022,thousand megawatthours
2010-07,NC,North Carolina,97,All Industrial,ALL,all fuels,175.51443,thousand megawatthours
2010-08,NC,North Carolina,96,All Commercial,ALL,all fuels,7.20164,thousand megawatthours
2010-08,NC,North Carolina,97,All Industrial,ALL,all fuels,170.1265,thousand megawatthours
2010-09,NC,North Carolina,96,All Commercial,ALL,all fuels,3.6259,thousand megawatthours
2010-09,NC,North Carolina,97,All Industrial,ALL,all fuels,180.97413,thousand megawatthours
2010-10,NC,North Carolina,96,All Commercial,ALL,all fuels,4.79379,thousand megawatthours
2010-10,NC,North Carolina,97,All Industrial,ALL,all fuels,165.54586,thousand megawatthours
2010-11,NC,North Carolina,96,All Commercial,ALL,all fuels,5.85037,thousand megawatthours
2010-11,NC,North Carolina,97,All Industrial,ALL,all fuels,178.84791,thousand megawatthours
2010-12,NC,North Carolina,96,All Commercial,ALL,all fuels,12.14756,thousand megawatthours
2010-12,NC,North Carolina,97,All Industrial,ALL,all fuels,225.63331,thousand megawatthours
2011-01,NC,North Carolina,96,All Commercial,ALL,all fuels,9.73348,thousand megawatthours
2011-01,NC,North Carolina,97,All Industrial,ALL,all fuels,185.59309,thousand megawatthours
2011-02,NC,North Carolina,96,All Commercial,ALL,all fuels,3.16741,thousand megawatthours
2011-02,NC,North Carolina,97,All Industrial,ALL,all fuels,164.97574,thousand megawatthours
2011-03,NC,North Carolina,96,All Commercial,ALL,all fuels,5.85493,thousand megawatthours
2011-03,NC,North Carolina,97,All Industrial,ALL,all fuels,164.72591,thousand megawatthours
2011-04,NC,North Carolina,96,All Commercial,ALL,all fuels,1.45462,thousand megawatthours
2011-04,NC,North Carolina,97,All Industrial,ALL,all fuels,172.85914,thousand megawatthours
2011-05,NC,North Carolina,96,All Commercial,ALL,all fuels,4.13246,thousand megawatthours
2011-05,NC,North Carolina,97,All Industrial,ALL,all fuels,151.68673,thousand megawatthours
2011-06,NC,North Carolina,96,All Commercial,ALL,all fuels,5.51835,thousand megawatthours
2011-06,NC,North Carolina,97,All Industrial,ALL,all fuels,178.33233,thousand megawatthours
2011-07,NC,North Carolina,96,All Commercial,ALL,all fuels,9.04568,thousand megawatthours
2011-07,NC,North Carolina,97,All Industrial,ALL,all fuels,191.13346,thousand megawatthours
2011-08,NC,North Carolina,96,All Commercial,ALL,all fuels,6.38259,thousand megawatthours
2011-08,NC,North Carolina,97,All Industrial,ALL,all fuels,179.9068,thousand megawatthours
2011-09,NC,North Carolina,96,All Commercial,ALL,all fuels,3.12125,thousand megawatthours
2011-09,NC,North Carolina,97,All Industrial,ALL,all fuels,176.33094,thousand megawatthours
2011-10,NC,North Carolina,96,All Commercial,ALL,all fuels,1.38314,thousand megawatthours
2011-10,NC,North Carolina,97,All Industrial,ALL,all fuels,184.67389,thousand megawatthours
2011-11,NC,North Carolina,96,All Commercial,ALL,all fuels,4.70028,thousand megawatthours
2011-11,NC,North Carolina,97,All Industrial,ALL,all fuels,182.05337,thousand megawatthours
2011-12,NC,North Carolina,96,All Commercial,ALL,all fuels,7.11183,thousand megawatthours
2011-12,NC,North Carolina,97,All Industrial,ALL,all fuels,194.0115,thousand megawatthours
2012-01,NC,North Carolina,96,All Commercial,ALL,all fuels,7.55485,thousand megawatthours
2012-01,NC,North Carolina,97,All Industrial,ALL,all fuels,216.20435,thousand megawatthours
2012-02,NC,North Carolina,96,All Commercial,ALL,all fuels,6.16903,thousand megawatthours
2012-02,NC,North Carolina,97,All Industrial,ALL,all fuels,191.64485,thousand megawatthours
2012-03,NC,North Carolina,96,All Commercial,ALL,all fuels,2.53277,thousand megawatthours
2012-03,NC,North Carolina,97,All Industrial,ALL,all fuels,185.21509,thousand megawatthours
2012-04,NC,North Carolina,96,All Commercial,ALL,all fuels,0.84455,thousand megawatthours
2012-04,NC,North Carolina,97,All Industrial,ALL,all fuels,186.08301,thousand megawatthours
2012-05,NC,North Carolina,96,All Commercial,ALL,all fuels,1.40357,thousand megawatthours
2012-05,NC,North Carolina,97,All Industrial,ALL,all fuels,185.21924,thousand megawatthours
2012-06,NC,North Carolina,96,All Commercial,ALL,all fuels,2.66371,thousand megawatthours
2012-06,NC,North Carolina,97,All Industrial,ALL,all fuels,203.63365,thousand megawatthours
2012-07,NC,North Carolina,96,All Commercial,ALL,all fuels,4.66801,thousand megawatthours
2012-07,NC,North Carolina,97,All Industrial,ALL,all fuels,200.05541,thousand megawatthours
2012-08,NC,North Carolina,96,All Commercial,ALL,all fuels,3.70914,thousand megawatthours
2012-08,NC,North Carolina,97,All Industrial,ALL,all fuels,198.14322,thousand megawatthours
2012-09,NC,North Carolina,96,All Commercial,ALL,all fuels,4.83213,thousand megawatthours
2012-09,NC,North Carolina,97,All Industrial,ALL,all fuels,189.30867,thousand megawatthours
2012-10,NC,North Carolina,96,All Commercial,ALL,all fuels,4.6838,thousand megawatthours
2012-10,NC,North Carolina,97,All Industrial,ALL,all fuels,198.61374,thousand megawatthours
2012-11,NC,North Carolina,96,All Commercial,ALL,all fuels,4.32784,thousand megawatthours
2012-11,NC,North Carolina,97,All Industrial,ALL,all fuels,212.34116,thousand megawatthours
2012-12,NC,North Carolina,96,All Commercial,ALL,all fuels,6.99363,thousand megawatthours
2012-12,NC,North Carolina,97,All Industrial,ALL,all fuels,207.64592,thousand megawatthours
2013-01,NC,North Carolina,96,All Commercial,ALL,all fuels,10.75776,thousand megawatthours
2013-01,NC,North Carolina,97,All Industrial,ALL,all fuels,252.51029,thousand megawatthours
2013-02,NC,North Carolina,96,All Commercial,ALL,all fuels,17.02577,thousand megawatthours
2013-02,NC,North Carolina,97,All Industrial,ALL,all fuels,279.20629,thousand megawatthours
2013-03,NC,North Carolina,96,All Commercial,ALL,all fuels,19.69439,thousand megawatthours
2013-03,NC,North Carolina,97,All Industrial,ALL,all fuels,247.95239,thousand megawatthours
2013-04,NC,North Carolina,96,All Commercial,ALL,all fuels,13.17843,thousand megawatthours
2013-04,NC,North Carolina,97,All Industrial,ALL,all fuels,213.3682,thousand megawatthours
2013-05,NC,North Carolina,96,All Commercial,ALL,all fuels,16.36771,thousand megawatthours
2013-05,NC,North Carolina,97,All Industrial,ALL,all fuels,221.70429,thousand megawatthours
2013-06,NC,North Carolina,96,All Commercial,ALL,all fuels,14.88168,thousand megawatthours
2013-06,NC,North Carolina,97,All Industrial,ALL,all fuels,240.46664,thousand megawatthours
2013-07,NC,North Carolina,96,All Commercial,ALL,all fuels,16.55139,thousand megawatthours
2013-07,NC,North Carolina,97,All Industrial,ALL,all fuels,256.6049,thousand megawatthours
2013-08,NC,North Carolina,96,All Commercial,ALL,all fuels,13.89428,thousand megawatthours
2013-08,NC,North Carolina,97,All Industrial,ALL,all fuels,232.16659,thousand megawatthours
2013-09,NC,North Carolina,96,All Commercial,ALL,all fuels,11.14372,thousand megawatthours
2013-09,NC,North Carolina,97,All Industrial,ALL,all fuels,230.07997,thousand megawatthours
2013-10,NC,North Carolina,96,All Commercial,ALL,all fuels,9.61085,thousand megawatthours
2013-10,NC,North Carolina,97,All Industrial,ALL,all fuels,243.01683,thousand megawatthours
2013-11,NC,North Carolina,96,All Commercial,ALL,all fuels,12.32488,thousand megawatthours
2013-11,NC,North Carolina,97,All Industrial,ALL,all fuels,230.63603,thousand megawatthours
2013-12,NC,North Carolina,96,All Commercial,ALL,all fuels,15.50259,thousand megawatthours
2013-12,NC,North Carolina,97,All Industrial,ALL,all fuels,278.85549,thousand megawatthours
2014-01,NC,North Carolina,96,All Commercial,ALL,all fuels,27.15138,thousand megawatthours
2014-01,NC,North Carolina,97,All Industrial,ALL,all fuels,170.30514,thousand megawatthours
2014-02,NC,North Carolina,96,All Commercial,ALL,all fuels,27.92431,thousand megawatthours
2014-02,NC,North Carolina,97,All Industrial,ALL,all fuels,159.79459,thousand megawatthours
2014-03,NC,North Carolina,96,All Commercial,ALL,all fuels,16.63532,thousand megawatthours
2014-03,NC,North Carolina,97,All Industrial,ALL,all fuels,169.11248,thousand megawatthours
2014-04,NC,North Carolina,96,All Commercial,ALL,all fuels,12.73677,thousand megawatthours
2014-04,NC,North Carolina,97,All Industrial,ALL,all fuels,150.59862,thousand megawatthours
2014-05,NC,North Carolina,96,All Commercial,ALL,all fuels,11.75428,thousand megawatthours
2014-05,NC,North Carolina,97,All Industrial,ALL,all fuels,152.60658,thousand megawatthours
2014-06,NC,North Carolina,96,All Commercial,ALL,all fuels,14.77069,thousand megawatthours
2014-06,NC,North Carolina,97,All Industrial,ALL,all fuels,166.64106,thousand megawatthours
2014-07,NC,North Carolina,96,All Commercial,ALL,all fuels,20.45977,thousand megawatthours
2014-07,NC,North Carolina,97,All Industrial,ALL,all fuels,173.26986,thousand megawatthours
2014-08,NC,North Carolina,96,All Commercial,ALL,all fuels,18.01405,thousand megawatthours
2014-08,NC,North Carolina,97,All Industrial,ALL,all fuels,132.46818,thousand megawatthours
2014-09,NC,North Carolina,96,All Commercial,ALL,all fuels,17.59693,thousand megawatthours
2014-09,NC,North Carolina,97,All Industrial,ALL,all fuels,135.36842,thousand megawatthours
2014-10,NC,North Carolina,96,All Commercial,ALL,all fuels,12.62652,thousand megawatthours
2014-10,NC,North Carolina,97,All Industrial,ALL,all fuels,133.72255,thousand megawatthours
2014-11,NC,North Carolina,96,All Commercial,ALL,all fuels,5.89599,thousand megawatthours
2014-11,NC,North Carolina,97,All Industrial,ALL,all fuels,140.58142,thousand megawatthours
2014-12,NC,North Carolina,96,All Commercial,ALL,all fuels,9.2991,thousand megawatthours
2014-12,NC,North Carolina,97,All Industrial,ALL,all fuels,184.17204,thousand megawatthours
2015-01,NC,North Carolina,96,All Commercial,ALL,all fuels,15.30329,thousand megawatthours
2015-01,NC,North Carolina,97,All Industrial,ALL,all fuels,183.26825,thousand megawatthours
2015-02,NC,North Carolina,96,All Commercial,ALL,all fuels,19.24555,thousand megawatthours
2015-02,NC,North Carolina,97,All Industrial,ALL,all fuels,170.23775,thousand megawatthours
2015-03,NC,North Carolina,96,All Commercial,ALL,all fuels,18.75232,thousand megawatthours
2015-03,NC,North Carolina,97,All Industrial,ALL,all fuels,179.94399,thousand megawatthours
2015-04,NC,North Carolina,96,All Commercial,ALL,all fuels,15.89013,thousand megawatthours
2015-04,NC,North Carolina,97,All Industrial,ALL,all fuels,148.78504,thousand megawatthours
2015-05,NC,North Carolina,96,All Commercial,ALL,all fuels,18.50326,thousand megawatthours
2015-05,NC,North Carolina,97,All Industrial,ALL,all fuels,150.27378,thousand megawatthours
2015-06,NC,North Carolina,96,All Commercial,ALL,all fuels,18.56488,thousand megawatthours
2015-06,NC,North Carolina,97,All Industrial,ALL,all fuels,165.71978,thousand megawatthours
2015-07,NC,North Carolina,96,All Commercial,ALL,all fuels,22.63981,thousand megawatthours
2015-07,NC,North Carolina,97,All Industrial,ALL,all fuels,166.56516,thousand megawatthours
2015-08,NC,North Carolina,96,All Commercial,ALL,all fuels,18.33829,thousand megawatthours
2015-08,NC,North Carolina,97,All Industrial,ALL,all fuels,172.92506,thousand megawatthours
2015-09,NC,North Carolina,96,All Commercial,ALL,all fuels,14.68965,thousand megawatthours
2015-09,NC,North Carolina,97,All Industrial,ALL,all fuels,153.89413,thousand megawatthours
2015-10,NC,North Carolina,96,All Commercial,ALL,all fuels,16.25538,thousand megawatthours
2015-10,NC,North Carolina,97,All Industrial,ALL,all fuels,160.61702,thousand megawatthours
2015-11,NC,North Carolina,96,All Commercial,ALL,all fuels,22.72109,thousand megawatthours
2015-11,NC,North Carolina,97,All Industrial,ALL,all fuels,171.4243,thousand megawatthours
2015-12,NC,North Carolina,96,All Commercial,ALL,all fuels,26.89335,thousand megawatthours
2015-12,NC,North Carolina,97,All Industrial,ALL,all fuels,173.88377,thousand megawatthours
2016-01,NC,North Carolina,96,All Commercial,ALL,all fuels,24.33671,thousand megawatthours
2016-01,NC,North Carolina,97,All Industrial,ALL,all fuels,156.27585,thousand megawatthours
2016-02,NC,North Carolina,96,All Commercial,ALL,all fuels,22.90513,thousand megawatthours
2016-02,NC,North Carolina,97,All Industrial,ALL,all fuels,139.9383,thousand megawatthours
2016-03,NC,North Carolina,96,All Commercial,ALL,all fuels,26.395,thousand megawatthours
2016-03,NC,North Carolina,97,All Industrial,ALL,all fuels,137.90253,thousand megawatthours
2016-04,NC,North Carolina,96,All Commercial,ALL,all fuels,24.29105,thousand megawatthours
2016-04,NC,North Carolina,97,All Industrial,ALL,all fuels,150.44762,thousand megawatthours
2016-05,NC,North Carolina,96,All Commercial,ALL,all fuels,18.3177,thousand megawatthours
2016-05,NC,North Carolina,97,All Industrial,ALL,all fuels,167.44194,thousand megawatthours
2016-06,NC,North Carolina,96,All Commercial,ALL,all fuels,22.61227,thousand megawatthours
2016-06,NC,North Carolina,97,All Industrial,ALL,all fuels,161.91628,thousand megawatthours
2016-07,NC,North Carolina,96,All Commercial,ALL,all fuels,22.31453,thousand megawatthours
2016-07,NC,North Carolina,97,All Industrial,ALL,all fuels,161.0975,thousand megawatthours
2016-08,NC,North Carolina,96,All Commercial,ALL,all fuels,25.48728,thousand megawatthours
2016-08,NC,North Carolina,97,All Industrial,ALL,all fuels,167.86149,thousand megawatthours
2016-09,NC,North Carolina,96,All Commercial,ALL,all fuels,19.10295,thousand megawatthours
2016-09,NC,North Carolina,97,All Industrial,ALL,all fuels,154.11025,thousand megawatthours
2016-10,NC,North Carolina,96,All Commercial,ALL,all fuels,12.47994,thousand megawatthours
2016-10,NC,North Carolina,97,All Industrial,ALL,all fuels,166.81387,thousand megawatthours
2016-11,NC,North Carolina,96,All Commercial,ALL,all fuels,23.46612,thousand megawatthours
2016-11,NC,North Carolina,97,All Industrial,ALL,all fuels,153.64129,thousand megawatthours
2016-12,NC,North Carolina,96,All Commercial,ALL,all fuels,28.13133,thousand megawatthours
2016-12,NC,North Carolina,97,All Industrial,ALL,all fuels,157.83794,thousand megawatthours
2017-01,NC,North Carolina,96,All Commercial,ALL,all fuels,31.08484,thousand megawatthours
2017-01,NC,North Carolina,97,All Industrial,ALL,all fuels,153.23626,thousand megawatthours
2017-02,NC,North Carolina,96,All Commercial,ALL,all fuels,28.5245,thousand megawatthours
2017-02,NC,North Carolina,97,All Industrial,ALL,all fuels,139.72107,thousand megawatthours
2017-03,NC,North Carolina,96,All Commercial,ALL,all fuels,32.72562,thousand megawatthours
2017-03,NC,North Carolina,97,All Industrial,ALL,all fuels,158.7771,thousand megawatthours
2017-04,NC,North Carolina,96,All Commercial,ALL,all fuels,26.74168,thousand megawatthours
2017-04,NC,North Carolina,97,All Industrial,ALL,all fuels,127.88484,thousand megawatthours
2017-05,NC,North Carolina,96,All Commercial,ALL,all fuels,30.46054,thousand megawatthours
2017-05,NC,North Carolina,97,All Industrial,ALL,all fuels,162.60821,thousand megawatthours
2017-06,NC,North Carolina,96,All Commercial,ALL,all fuels,28.57233,thousand megawatthours
2017-06,NC,North Carolina,97,All Industrial,ALL,all fuels,148.9983,thousand megawatthours
2017-07,NC,North Carolina,96,All Commercial,ALL,all fuels,32.18677,thousand megawatthours
2017-07,NC,North Carolina,97,All Industrial,ALL,all fuels,163.74988,thousand megawatthours
2017-08,NC,North Carolina,96,All Commercial,ALL,all fuels,30.33576,thousand megawatthours
2017-08,NC,North Carolina,97,All Industrial,ALL,all fuels,165.02595,thousand megawatthours
2017-09,NC,North Carolina,96,All Commercial,ALL,all fuels,26.78477,thousand megawatthours
2017-09,NC,North Carolina,97,All Industrial,ALL,all fuels,151.83691,thousand megawatthours
2017-10,NC,North Carolina,96,All Commercial,ALL,all fuels,27.44955,thousand megawatthours
2017-10,NC,North Carolina,97,All Industrial,ALL,all fuels,169.14307,thousand megawatthours
2017-11,NC,North Carolina,96,All Commercial,ALL,all fuels,29.89153,thousand megawatthours
2017-11,NC,North Carolina,97,All Industrial,ALL,all fuels,166.9294,thousand megawatthours
2017-12,NC,North Carolina,96,All Commercial,ALL,all fuels,31.99311,thousand megawatthours
2017-12,NC,North Carolina,97,All Industrial,ALL,all fuels,178.10535,thousand megawatthours
2018-01,NC,North Carolina,96,All Commercial,ALL,all fuels,32.80483,thousand megawatthours
2018-01,NC,North Carolina,97,All Industrial,ALL,all fuels,179.92112,thousand megawatthours
2018-02,NC,North Carolina,96,All Commercial,ALL,all fuels,26.11384,thousand megawatthours
2018-02,NC,North Carolina,97,All Industrial,ALL,all fuels,152.69362,thousand megawatthours
2018-03,NC,North Carolina,96,All Commercial,ALL,all fuels,25.03627,thousand megawatthours
2018-03,NC,North Carolina,97,All Industrial,ALL,all fuels,173.12833,thousand megawatthours
2018-04,NC,North Carolina,96,All Commercial,ALL,all fuels,24.34752,thousand megawatthours
2018-04,NC,North Carolina,97,All Industrial,ALL,all fuels,141.43871,thousand megawatthours
2018-05,NC,North Carolina,96,All Commercial,ALL,all fuels,25.4924,thousand megawatthours
2018-05,NC,North Carolina,97,All Industrial,ALL,all fuels,156.9691,thousand megawatthours
2018-06,NC,North Carolina,96,All Commercial,ALL,all fuels,29.51899,thousand megawatthours
2018-06,NC,North Carolina,97,All Industrial,ALL,all fuels,129.0363,thousand megawatthours
2018-07,NC,North Carolina,96,All Commercial,ALL,all fuels,29.46233,thousand megawatthours
2018-07,NC,North Carolina,97,All Industrial,ALL,all fuels,117.61253,thousand megawatthours
2018-08,NC,North Carolina,96,All Commercial,ALL,all fuels,30.76712,thousand megawatthours
2018-08,NC,North Carolina,97,All Industrial,ALL,all fuels,153.30993,thousand megawatthours
2018-09,NC,North Carolina,96,All Commercial,ALL,all fuels,25.0608,thousand megawatthours
2018-09,NC,North Carolina,97,All Industrial,ALL,all fuels,118.35357,thousand megawatthours
2018-10,NC,North Carolina,96,All Commercial,ALL,all fuels,27.90611,thousand megawatthours
2018-10,NC,North Carolina,97,All Industrial,ALL,all fuels,156.97271,thousand megawatthours
2018-11,NC,North Carolina,96,All Commercial,ALL,all fuels,27.84307,thousand megawatthours
2018-11,NC,North Carolina,97,All Industrial,ALL,all fuels,148.42981,thousand megawatthours
2018-12,NC,North Carolina,96,All Commercial,ALL,all fuels,27.18038,thousand megawatthours
2018-12,NC,North Carolina,97,All Industrial,ALL,all fuels,161.68504,thousand megawatthours
2019-01,NC,North Carolina,96,All Commercial,ALL,all fuels,28.53056,thousand megawatthours
2019-01,NC,North Carolina,97,All Industrial,ALL,all fuels,154.51201,thousand megawatthours
2019-02,NC,North Carolina,96,All Commercial,ALL,all fuels,29.87886,thousand megawatthours
2019-02,NC,North Carolina,97,All Industrial,ALL,all fuels,146.73844,thousand megawatthours
2019-03,NC,North Carolina,96,All Commercial,ALL,all fuels,33.893,thousand megawatthours
2019-03,NC,North Carolina,97,All Industrial,ALL,all fuels,143.08202,thousand megawatthours
2019-04,NC,North Carolina,96,All Commercial,ALL,all fuels,28.06216,thousand megawatthours
2019-04,NC,North Carolina,97,All Industrial,ALL,all fuels,142.83971,thousand megawatthours
2019-05,NC,North Carolina,96,All Commercial,ALL,all fuels,28.35675,thousand megawatthours
2019-05,NC,North Carolina,97,All Industrial,ALL,all fuels,134.63456,thousand megawatthours
2019-06,NC,North Carolina,96,All Commercial,ALL,all fuels,27.12088,thousand megawatthours
2019-06,NC,North Carolina,97,All Industrial,ALL,all fuels,132.08664,thousand megawatthours
2019-07,NC,North Carolina,96,All Commercial,ALL,all fuels,30.10573,thousand megawatthours
2019-07,NC,North Carolina,97,All Industrial,ALL,all fuels,119.63741,thousand megawatthours
2019-08,NC,North Carolina,96,All Commercial,ALL,all fuels,28.32265,thousand megawatthours
2019-08,NC,North Carolina,97,All Industrial,ALL,all fuels,144.6094,thousand megawatthours
2019-09,NC,North Carolina,96,All Commercial,ALL,all fuels,29.08836,thousand megawatthours
2019-09,NC,North Carolina,97,All Industrial,ALL,all fuels,132.48209,thousand megawatthours
2019-10,NC,North Carolina,96,All Commercial,ALL,all fuels,26.02577,thousand megawatthours
2019-10,NC,North Carolina,97,All Industrial,ALL,all fuels,142.92638,thousand megawatthours
2019-11,NC,North Carolina,96,All Commercial,ALL,all fuels,26.8978,thousand megawatthours
2019-11,NC,North Carolina,97,All Industrial,ALL,all fuels,143.37144,thousand megawatthours
2019-12,NC,North Carolina,96,All Commercial,ALL,all fuels,30.44449,thousand megawatthours
2019-12,NC,North Carolina,97,All Industrial,ALL,all fuels,155.48534,thousand megawatthours
2020-01,NC,North Carolina,96,All Commercial,ALL,all fuels,31.58183,thousand megawatthours
2020-01,NC,North Carolina,97,All Industrial,ALL,all fuels,155.22945,thousand megawatthours
2020-02,NC,North Carolina,96,All Commercial,ALL,all fuels,30.68755,thousand megawatthours
2020-02,NC,North Carolina,97,All Industrial,ALL,all fuels,147.49294,thousand megawatthours
2020-03,NC,North Carolina,96,All Commercial,ALL,all fuels,29.0813,thousand megawatthours
2020-03,NC,North Carolina,97,All Industrial,ALL,all fuels,143.77553,thousand megawatthours
2020-04,NC,North Carolina,96,All Commercial,ALL,all fuels,26.93819,thousand megawatthours
2020-04,NC,North Carolina,97,All Industrial,ALL,all fuels,147.41847,thousand megawatthours
2020-05,NC,North Carolina,96,All Commercial,ALL,all fuels,29.45695,thousand megawatthours
2020-05,NC,North Carolina,97,All Industrial,ALL,all fuels,148.7623,thousand megawatthours
2020-06,NC,North Carolina,96,All Commercial,ALL,all fuels,26.79635,thousand megawatthours
2020-06,NC,North Carolina,97,All Industrial,ALL,all fuels,147.14505,thousand megawatthours
2020-07,NC,North Carolina,96,All Commercial,ALL,all fuels,33.05807,thousand megawatthours
2020-07,NC,North Carolina,97,All Industrial,ALL,all fuels,123.49628,thousand megawatthours
2020-08,NC,North Carolina,96,All Commercial,ALL,all fuels,29.04959,thousand megawatthours
2020-08,NC,North Carolina,97,All Industrial,ALL,all fuels,121.87334,thousand megawatthours
2020-09,NC,North Carolina,96,All Commercial,ALL,all fuels,25.66375,thousand megawatthours
2020-09,NC,North Carolina,97,All Industrial,ALL,all fuels,133.74536,thousand megawatthours
2020-10,NC,North Carolina,96,All Commercial,ALL,all fuels,26.08616,thousand megawatthours
2020-10,NC,North Carolina,97,All Industrial,ALL,all fuels,151.45029,thousand megawatthours
2020-11,NC,North Carolina,96,All Commercial,ALL,all fuels,26.15136,thousand megawatthours
2020-11,NC,North Carolina,97,All Industrial,ALL,all fuels,139.63122,thousand megawatthours
2020-12,NC,North Carolina,96,All Commercial,ALL,all fuels,30.3039,thousand megawatthours
2020-12,NC,North Carolina,97,All Industrial,ALL,all fuels,162.12808,thousand megawatthours
2021-01,NC,North Carolina,96,All Commercial,ALL,all fuels,34.06567,thousand megawatthours
2021-01,NC,North Carolina,97,All Industrial,ALL,all fuels,163.23141,thousand megawatthours
2021-02,NC,North Carolina,96,All Commercial,ALL,all fuels,29.09742,thousand megawatthours
2021-02,NC,North Carolina,97,All Industrial,ALL,all fuels,141.76015,thousand megawatthours
2021-03,NC,North Carolina,96,All Commercial,ALL,all fuels,31.42793,thousand megawatthours
2021-03,NC,North Carolina,97,All Industrial,ALL,all fuels,139.95624,thousand megawatthours
2021-04,NC,North Carolina,96,All Commercial,ALL,all fuels,28.63874,thousand megawatthours
2021-04,NC,North Carolina,97,All Industrial,ALL,all fuels,144.93866,thousand megawatthours
2021-05,NC,North Carolina,96,All Commercial,ALL,all fuels,30.11117,thousand megawatthours
2021-05,NC,North Carolina,97,All Industrial,ALL,all fuels,156.4777,thousand megawatthours
2021-06,NC,North Carolina,96,All Commercial,ALL,all fuels,31.34207,thousand megawatthours
2021-06,NC,North Carolina,97,All Industrial,ALL,all fuels,125.63016,thousand megawatthours
2021-07,NC,North Carolina,96,All Commercial,ALL,all fuels,35.61757,thousand megawatthours
2021-07,NC,North Carolina,97,All Industrial,ALL,all fuels,130.53101,thousand megawatthours
2021-08,NC,North Carolina,96,All Commercial,ALL,all fuels,34.3307,thousand megawatthours
2021-08,NC,North Carolina,97,All Industrial,ALL,all fuels,138.06439,thousand megawatthours
2021-09,NC,North Carolina,96,All Commercial,ALL,all fuels,31.04948,thousand megawatthours
2021-09,NC,North Carolina,97,All Industrial,ALL,all fuels,144.78913,thousand megawatthours
2021-10,NC,North Carolina,96,All Commercial,ALL,all fuels,28.34591,thousand megawatthours
2021-10,NC,North Carolina,97,All Industrial,ALL,all fuels,147.2244,thousand megawatthours
2021-11,NC,North Carolina,96,All Commercial,ALL,all fuels,25.3134,thousand megawatthours
2021-11,NC,North Carolina,97,All Industrial,ALL,all fuels,157.37944,thousand megawatthours
2021-12,NC,North Carolina,96,All Commercial,ALL,all fuels,22.50694,thousand megawatthours
2021-12,NC,North Carolina,97,All Industrial,ALL,all fuels,159.67806,thousand megawatthours
2022-01,NC,North Carolina,96,All Commercial,ALL,all fuels,27.82347,thousand megawatthours
2022-01,NC,North Carolina,97,All Industrial,ALL,all fuels,151.93605,thousand megawatthours
2022-02,NC,North Carolina,96,All Commercial,ALL,all fuels,24.46289,thousand megawatthours
2022-02,NC,North Carolina,97,All Industrial,ALL,all fuels,144.51436,thousand megawatthours
2022-03,NC,North Carolina,96,All Commercial,ALL,all fuels,23.01794,thousand megawatthours
2022-03,NC,North Carolina,97,All Industrial,ALL,all fuels,134.79369,thousand megawatthours
2022-04,NC,North Carolina,96,All Commercial,ALL,all fuels,19.62182,thousand megawatthours
2022-04,NC,North Carolina,97,All Industrial,ALL,all fuels,145.52938,thousand megawatthours
2022-05,NC,North Carolina,96,All Commercial,ALL,all fuels,21.11773,thousand megawatthours
2022-05,NC,North Carolina,97,All Industrial,ALL,all fuels,151.33726,thousand megawatthours
2022-06,NC,North Carolina,96,All Commercial,ALL,all fuels,24.53142,thousand megawatthours
2022-06,NC,North Carolina,97,All Industrial,ALL,all fuels,130.68448,thousand megawatthours
2022-07,NC,North Carolina,96,All Commercial,ALL,all fuels,25.49088,thousand megawatthours
2022-07,NC,North Carolina,97,All Industrial,ALL,all fuels,146.71124,thousand megawatthours
2022-08,NC,North Carolina,96,All Commercial,ALL,all fuels,24.87448,thousand megawatthours
2022-08,NC,North Carolina,97,All Industrial,ALL,all fuels,149.15472,thousand megawatthours
2022-09,NC,North Carolina,96,All Commercial,ALL,all fuels,22.30302,thousand megawatthours
2022-09,NC,North Carolina,97,All Industrial,ALL,all fuels,116.57669,thousand megawatthours
2022-10,NC,North Carolina,96,All Commercial,ALL,all fuels,22.50086,thousand megawatthours
2022-10,NC,North Carolina,97,All Industrial,ALL,all fuels,130.467,thousand megawatthours
2022-11,NC,North Carolina,96,All Commercial,ALL,all fuels,24.14579,thousand megawatthours
2022-11,NC,North Carolina,97,All Industrial,ALL,all fuels,139.05416,thousand megawatthours
2022-12,NC,North Carolina,96,All Commercial,ALL,all fuels,28.1137,thousand megawatthours
2022-12,NC,North Carolina,97,All Industrial,ALL,all fuels,140.47682,thousand megawatthours
2023-01,NC,North Carolina,96,All Commercial,ALL,all fuels,19.56772,thousand megawatthours
2023-01,NC,North Carolina,97,All Industrial,ALL,all fuels,155.09515,thousand megawatthours
2023-02,NC,North Carolina,96,All Commercial,ALL,all fuels,16.15471,thousand megawatthours
2023-02,NC,North Carolina,97,All Industrial,ALL,all fuels,126.21781,thousand megawatthours
2023-03,NC,North Carolina,96,All Commercial,ALL,all fuels,22.57087,thousand megawatthours
2023-03,NC,North Carolina,97,All Industrial,ALL,all fuels,132.81509,thousand megawatthours
2023-04,NC,North Carolina,96,All Commercial,ALL,all fuels,22.11417,thousand megawatthours
2023-04,NC,North Carolina,97,All Industrial,ALL,all fuels,142.65867,thousand megawatthours
2023-05,NC,North Carolina,96,All Commercial,ALL,all fuels,20.73244,thousand megawatthours
2023-05,NC,North Carolina,97,All Industrial,ALL,all fuels,124.5838,thousand megawatthours
2023-06,NC,North Carolina,96,All Commercial,ALL,all fuels,23.2937,thousand megawatthours
2023-06,NC,North Carolina,97,All Industrial,ALL,all fuels,76.77457,thousand megawatthours
2023-07,NC,North Carolina,96,All Commercial,ALL,all fuels,29.06698,thousand megawatthours
2023-07,NC,North Carolina,97,All Industrial,ALL,all fuels,113.75634,thousand megawatthours
2023-08,NC,North Carolina,96,All Commercial,ALL,all fuels,23.55301,thousand megawatthours
2023-08,NC,North Carolina,97,All Industrial,ALL,all fuels,123.04731,thousand megawatthours
2023-09,NC,North Carolina,96,All Commercial,ALL,all fuels,23.33787,thousand megawatthours
2023-09,NC,North Carolina,97,All Industrial,ALL,all fuels,123.59788,thousand megawatthours
2023-10,NC,North Carolina,96,All Commercial,ALL,all fuels,21.4492,thousand megawatthours
2023-10,NC,North Carolina,97,All Industrial,ALL,all fuels,110.33219,thousand megawatthours
2023-11,NC,North Carolina,96,All Commercial,ALL,all fuels,20.62484,thousand megawatthours
2023-11,NC,North Carolina,97,All Industrial,ALL,all fuels,136.19091,thousand megawatthours
2023-12,NC,North Carolina,96,All Commercial,ALL,all fuels,20.46027,thousand megawatthours
2023-12,NC,North Carolina,97,All Industrial,ALL,all fuels,138.49867,thousand megawatthours
2024-01,NC,North Carolina,96,All Commercial,ALL,all fuels,22.5757,thousand megawatthours
2024-01,NC,North Carolina,97,All Industrial,ALL,all fuels,135.32964,thousand megawatthours
2024-02,NC,North Carolina,96,All Commercial,ALL,all fuels,20.47012,thousand megawatthours
2024-02,NC,North Carolina,97,All Industrial,ALL,all fuels,109.87893,thousand megawatthours
2024-03,NC,North Carolina,96,All Commercial,ALL,all fuels,20.32615,thousand megawatthours
2024-03,NC,North Carolina,97,All Industrial,ALL,all fuels,119.12314,thousand megawatthours
2024-04,NC,North Carolina,96,All Commercial,ALL,all fuels,20.71584,thousand megawatthours
2024-04,NC,North Carolina,97,All Industrial,ALL,all fuels,98.84331,thousand megawatthours
2024-05,NC,North Carolina,96,All Commercial,ALL,all fuels,19.20236,thousand megawatthours
2024-05,NC,North Carolina,97,All Industrial,ALL,all fuels,124.90249,thousand megawatthours
2024-06,NC,North Carolina,96,All Commercial,ALL,all fuels,24.10771,thousand megawatthours
2024-06,NC,North Carolina,97,All Industrial,ALL,all fuels,98.16381,thousand megawatthours
2024-07,NC,North Carolina,96,All Commercial,ALL,all fuels,26.52135,thousand megawatthours
2024-07,NC,North Carolina,97,All Industrial,ALL,all fuels,116.22955,thousand megawatthours
2024-08,NC,North Carolina,96,All Commercial,ALL,all fuels,25.66636,thousand megawatthours
2024-08,NC,North Carolina,97,All Industrial,ALL,all fuels,114.68099,thousand megawatthours
2024-09,NC,North Carolina,96,All Commercial,ALL,all fuels,20.25597,thousand megawatthours
2024-09,NC,North Carolina,97,All Industrial,ALL,all fuels,101.33843,thousand megawatthours
2024-10,NC,North Carolina,96,All Commercial,ALL,all fuels,22.17773,thousand megawatthours
2024-10,NC,North Carolina,97,All Industrial,ALL,all fuels,89.67296,thousand megawatthours
2024-11,NC,North Carolina,96,All Commercial,ALL,all fuels,18.73054,thousand megawatthours
2024-11,NC,North Carolina,97,All Industrial,ALL,all fuels,104.64743,thousand megawatthours
2024-12,NC,North Carolina,96,All Commercial,ALL,all fuels,21.76517,thousand megawatthours
2024-12,NC,North Carolina,97,All Industrial,ALL,all fuels,98.03314,thousand megawatthours
2025-01,NC,North Carolina,96,All Commercial,ALL,all fuels,27.66067,thousand megawatthours
2025-01,NC,North Carolina,97,All Industrial,ALL,all fuels,110.57618,thousand megawatthours
2025-02,NC,North Carolina,96,All Commercial,ALL,all fuels,21.29124,thousand megawatthours
2025-02,NC,North Carolina,97,All Industrial,ALL,all fuels,106.35867,thousand megawatthours
2025-03,NC,North Carolina,96,All Commercial,ALL,all fuels,24.62688,thousand megawatthours
2025-03,NC,North Carolina,97,All Industrial,ALL,all fuels,120.38514,thousand megawatthours
2025-04,NC,North Carolina,96,All Commercial,ALL,all fuels,22.09043,thousand megawatthours
2025-04,NC,North Carolina,97,All Industrial,ALL,all fuels,108.29648,thousand megawatthours
2025-05,NC,North Carolina,96,All Commercial,ALL,all fuels,20.72268,thousand megawatthours
2025-05,NC,North Carolina,97,All Industrial,ALL,all fuels,115.04235,thousand megawatthours
2025-06,NC,North Carolina,96,All Commercial,ALL,all fuels,26.1258,thousand megawatthours
2025-06,NC,North Carolina,97,All Industrial,ALL,all fuels,101.99688,thousand megawatthours
2025-07,NC,North Carolina,96,All Commercial,ALL,all fuels,26.89862,thousand megawatthours
2025-07,NC,North Carolina,97,All Industrial,ALL,all fuels,128.02918,thousand megawatthours
2025-08,NC,North Carolina,96,All Commercial,ALL,all fuels,24.72842,thousand megawatthours
2025-08,NC,North Carolina,97,All Industrial,ALL,all fuels,122.32067,thousand megawatthours
2025-09,NC,North Carolina,96,All Commercial,ALL,all fuels,24.42242,thousand megawatthours
2025-09,NC,North Carolina,97,All Industrial,ALL,all fuels,117.96987,thousand megawatthours
2025-10,NC,North Carolina,96,All Commercial,ALL,all fuels,23.39577,thousand megawatthours
2025-10,NC,North Carolina,97,All Industrial,ALL,all fuels,117.60603,thousand megawatthours
2025-11,NC,North Carolina,96,All Commercial,ALL,all fuels,22.86226,thousand megawatthours
2025-11,NC,North Carolina,97,All Industrial,ALL,all fuels,115.42043,thousand megawatthours
2025-12,NC,North Carolina,96,All Commercial,ALL,all fuels,20.52864,thousand megawatthours
2025-12,NC,North Carolina,97,All Industrial,ALL,all fuels,129.79198,thousand megawatthours
2026-01,NC,North Carolina,96,All Commercial,ALL,all fuels,28.23051,thousand megawatthours
2026-01,NC,North Carolina,97,All Industrial,ALL,all fuels,121.01824,thousand megawatthours
