period,stateid,salesUnit,sector_type,actual_value,predicted_value,data_label,model_used
2001-01-01,NC,million kilowatt hours,COM,3177.56892,,Actual,Prophet
2001-02-01,NC,million kilowatt hours,COM,2778.6753,,Actual,Prophet
2001-03-01,NC,million kilowatt hours,COM,2771.77298,,Actual,Prophet
2001-04-01,NC,million kilowatt hours,COM,2836.66536,,Actual,Prophet
2001-05-01,NC,million kilowatt hours,COM,2986.28143,,Actual,Prophet
2001-06-01,NC,million kilowatt hours,COM,3386.97041,,Actual,Prophet
2001-07-01,NC,million kilowatt hours,COM,3581.46777,,Actual,Prophet
2001-08-01,NC,million kilowatt hours,COM,3826.9175,,Actual,Prophet
2001-09-01,NC,million kilowatt hours,COM,3642.79615,,Actual,Prophet
2001-10-01,NC,million kilowatt hours,COM,3069.45528,,Actual,Prophet
2001-11-01,NC,million kilowatt hours,COM,2875.6136,,Actual,Prophet
2001-12-01,NC,million kilowatt hours,COM,2809.9623,,Actual,Prophet
2002-01-01,NC,million kilowatt hours,COM,3117.89137,,Actual,Prophet
2002-02-01,NC,million kilowatt hours,COM,2917.23371,,Actual,Prophet
2002-03-01,NC,million kilowatt hours,COM,2771.36781,,Actual,Prophet
2002-04-01,NC,million kilowatt hours,COM,2924.36719,,Actual,Prophet
2002-05-01,NC,million kilowatt hours,COM,3288.58905,,Actual,Prophet
2002-06-01,NC,million kilowatt hours,COM,3370.83504,,Actual,Prophet
2002-07-01,NC,million kilowatt hours,COM,3814.99769,,Actual,Prophet
2002-08-01,NC,million kilowatt hours,COM,3958.00354,,Actual,Prophet
2002-09-01,NC,million kilowatt hours,COM,3713.40123,,Actual,Prophet
2002-10-01,NC,million kilowatt hours,COM,3370.40892,,Actual,Prophet
2002-11-01,NC,million kilowatt hours,COM,2947.74847,,Actual,Prophet
2002-12-01,NC,million kilowatt hours,COM,3081.96899,,Actual,Prophet
2003-01-01,NC,million kilowatt hours,COM,3342.41426,,Actual,Prophet
2003-02-01,NC,million kilowatt hours,COM,3341.23618,,Actual,Prophet
2003-03-01,NC,million kilowatt hours,COM,3064.34457,,Actual,Prophet
2003-04-01,NC,million kilowatt hours,COM,3097.25872,,Actual,Prophet
2003-05-01,NC,million kilowatt hours,COM,3344.85643,,Actual,Prophet
2003-06-01,NC,million kilowatt hours,COM,3567.17952,,Actual,Prophet
2003-07-01,NC,million kilowatt hours,COM,4109.0001,,Actual,Prophet
2003-08-01,NC,million kilowatt hours,COM,4094.22755,,Actual,Prophet
2003-09-01,NC,million kilowatt hours,COM,3843.49182,,Actual,Prophet
2003-10-01,NC,million kilowatt hours,COM,3406.0004,,Actual,Prophet
2003-11-01,NC,million kilowatt hours,COM,3102.78075,,Actual,Prophet
2003-12-01,NC,million kilowatt hours,COM,3359.22768,,Actual,Prophet
2004-01-01,NC,million kilowatt hours,COM,3400.64734,,Actual,Prophet
2004-02-01,NC,million kilowatt hours,COM,3265.82966,,Actual,Prophet
2004-03-01,NC,million kilowatt hours,COM,3230.25054,,Actual,Prophet
2004-04-01,NC,million kilowatt hours,COM,3267.79224,,Actual,Prophet
2004-05-01,NC,million kilowatt hours,COM,3577.42827,,Actual,Prophet
2004-06-01,NC,million kilowatt hours,COM,3897.42532,,Actual,Prophet
2004-07-01,NC,million kilowatt hours,COM,4206.86356,,Actual,Prophet
2004-08-01,NC,million kilowatt hours,COM,4067.28353,,Actual,Prophet
2004-09-01,NC,million kilowatt hours,COM,3825.14263,,Actual,Prophet
2004-10-01,NC,million kilowatt hours,COM,3552.92689,,Actual,Prophet
2004-11-01,NC,million kilowatt hours,COM,3175.77441,,Actual,Prophet
2004-12-01,NC,million kilowatt hours,COM,3396.89661,,Actual,Prophet
2005-01-01,NC,million kilowatt hours,COM,3496.55957,,Actual,Prophet
2005-02-01,NC,million kilowatt hours,COM,3173.23942,,Actual,Prophet
2005-03-01,NC,million kilowatt hours,COM,3368.14906,,Actual,Prophet
2005-04-01,NC,million kilowatt hours,COM,3289.27272,,Actual,Prophet
2005-05-01,NC,million kilowatt hours,COM,3382.15196,,Actual,Prophet
2005-06-01,NC,million kilowatt hours,COM,3865.66846,,Actual,Prophet
2005-07-01,NC,million kilowatt hours,COM,4309.23311,,Actual,Prophet
2005-08-01,NC,million kilowatt hours,COM,4438.23031,,Actual,Prophet
2005-09-01,NC,million kilowatt hours,COM,4242.79034,,Actual,Prophet
2005-10-01,NC,million kilowatt hours,COM,3782.39755,,Actual,Prophet
2005-11-01,NC,million kilowatt hours,COM,3324.91756,,Actual,Prophet
2005-12-01,NC,million kilowatt hours,COM,3488.71794,,Actual,Prophet
2006-01-01,NC,million kilowatt hours,COM,3436.08865,,Actual,Prophet
2006-02-01,NC,million kilowatt hours,COM,3207.95314,,Actual,Prophet
2006-03-01,NC,million kilowatt hours,COM,3326.3162,,Actual,Prophet
2006-04-01,NC,million kilowatt hours,COM,3312.12137,,Actual,Prophet
2006-05-01,NC,million kilowatt hours,COM,3636.14577,,Actual,Prophet
2006-06-01,NC,million kilowatt hours,COM,4049.09052,,Actual,Prophet
2006-07-01,NC,million kilowatt hours,COM,4378.69576,,Actual,Prophet
2006-08-01,NC,million kilowatt hours,COM,4531.24467,,Actual,Prophet
2006-09-01,NC,million kilowatt hours,COM,4152.44878,,Actual,Prophet
2006-10-01,NC,million kilowatt hours,COM,3714.28182,,Actual,Prophet
2006-11-01,NC,million kilowatt hours,COM,3356.00986,,Actual,Prophet
2006-12-01,NC,million kilowatt hours,COM,3484.30846,,Actual,Prophet
2007-01-01,NC,million kilowatt hours,COM,3671.82983,,Actual,Prophet
2007-02-01,NC,million kilowatt hours,COM,3465.6314,,Actual,Prophet
2007-03-01,NC,million kilowatt hours,COM,3479.06225,,Actual,Prophet
2007-04-01,NC,million kilowatt hours,COM,3516.60664,,Actual,Prophet
2007-05-01,NC,million kilowatt hours,COM,3765.9932,,Actual,Prophet
2007-06-01,NC,million kilowatt hours,COM,4217.76215,,Actual,Prophet
2007-07-01,NC,million kilowatt hours,COM,4340.44617,,Actual,Prophet
2007-08-01,NC,million kilowatt hours,COM,4764.65785,,Actual,Prophet
2007-09-01,NC,million kilowatt hours,COM,4345.27151,,Actual,Prophet
2007-10-01,NC,million kilowatt hours,COM,4082.57348,,Actual,Prophet
2007-11-01,NC,million kilowatt hours,COM,3616.48606,,Actual,Prophet
2007-12-01,NC,million kilowatt hours,COM,3540.54145,,Actual,Prophet
2008-01-01,NC,million kilowatt hours,COM,3794.04195,,Actual,Prophet
2008-02-01,NC,million kilowatt hours,COM,3570.80519,,Actual,Prophet
2008-03-01,NC,million kilowatt hours,COM,3416.31595,,Actual,Prophet
2008-04-01,NC,million kilowatt hours,COM,3490.42488,,Actual,Prophet
2008-05-01,NC,million kilowatt hours,COM,3788.67082,,Actual,Prophet
2008-06-01,NC,million kilowatt hours,COM,4348.16406,,Actual,Prophet
2008-07-01,NC,million kilowatt hours,COM,4535.62487,,Actual,Prophet
2008-08-01,NC,million kilowatt hours,COM,4465.15345,,Actual,Prophet
2008-09-01,NC,million kilowatt hours,COM,4194.89653,,Actual,Prophet
2008-10-01,NC,million kilowatt hours,COM,3917.67817,,Actual,Prophet
2008-11-01,NC,million kilowatt hours,COM,3680.96548,,Actual,Prophet
2008-12-01,NC,million kilowatt hours,COM,3337.55468,,Actual,Prophet
2009-01-01,NC,million kilowatt hours,COM,3927.3284,,Actual,Prophet
2009-02-01,NC,million kilowatt hours,COM,3391.84422,,Actual,Prophet
2009-03-01,NC,million kilowatt hours,COM,3555.73502,,Actual,Prophet
2009-04-01,NC,million kilowatt hours,COM,3561.1496,,Actual,Prophet
2009-05-01,NC,million kilowatt hours,COM,3739.5922,,Actual,Prophet
2009-06-01,NC,million kilowatt hours,COM,4162.62012,,Actual,Prophet
2009-07-01,NC,million kilowatt hours,COM,4461.89454,,Actual,Prophet
2009-08-01,NC,million kilowatt hours,COM,4438.49484,,Actual,Prophet
2009-09-01,NC,million kilowatt hours,COM,4121.0946,,Actual,Prophet
2009-10-01,NC,million kilowatt hours,COM,3818.87797,,Actual,Prophet
2009-11-01,NC,million kilowatt hours,COM,3369.81469,,Actual,Prophet
2009-12-01,NC,million kilowatt hours,COM,3692.02983,,Actual,Prophet
2010-01-01,NC,million kilowatt hours,COM,3924.35612,,Actual,Prophet
2010-02-01,NC,million kilowatt hours,COM,3593.49998,,Actual,Prophet
2010-03-01,NC,million kilowatt hours,COM,3535.8504,,Actual,Prophet
2010-04-01,NC,million kilowatt hours,COM,3637.52144,,Actual,Prophet
2010-05-01,NC,million kilowatt hours,COM,3811.33542,,Actual,Prophet
2010-06-01,NC,million kilowatt hours,COM,4372.03431,,Actual,Prophet
2010-07-01,NC,million kilowatt hours,COM,4711.6501,,Actual,Prophet
2010-08-01,NC,million kilowatt hours,COM,4696.09394,,Actual,Prophet
2010-09-01,NC,million kilowatt hours,COM,4412.36853,,Actual,Prophet
2010-10-01,NC,million kilowatt hours,COM,3861.46638,,Actual,Prophet
2010-11-01,NC,million kilowatt hours,COM,3479.31477,,Actual,Prophet
2010-12-01,NC,million kilowatt hours,COM,3896.44859,,Actual,Prophet
2011-01-01,NC,million kilowatt hours,COM,3769.46206,,Actual,Prophet
2011-02-01,NC,million kilowatt hours,COM,3305.42197,,Actual,Prophet
2011-03-01,NC,million kilowatt hours,COM,3645.6615,,Actual,Prophet
2011-04-01,NC,million kilowatt hours,COM,3523.73813,,Actual,Prophet
2011-05-01,NC,million kilowatt hours,COM,3919.98277,,Actual,Prophet
2011-06-01,NC,million kilowatt hours,COM,4345.32146,,Actual,Prophet
2011-07-01,NC,million kilowatt hours,COM,4579.72488,,Actual,Prophet
2011-08-01,NC,million kilowatt hours,COM,4479.41681,,Actual,Prophet
2011-09-01,NC,million kilowatt hours,COM,4074.64562,,Actual,Prophet
2011-10-01,NC,million kilowatt hours,COM,3805.84561,,Actual,Prophet
2011-11-01,NC,million kilowatt hours,COM,3462.29679,,Actual,Prophet
2011-12-01,NC,million kilowatt hours,COM,3555.71041,,Actual,Prophet
2012-01-01,NC,million kilowatt hours,COM,3629.04074,,Actual,Prophet
2012-02-01,NC,million kilowatt hours,COM,3401.31034,,Actual,Prophet
2012-03-01,NC,million kilowatt hours,COM,3497.0614,,Actual,Prophet
2012-04-01,NC,million kilowatt hours,COM,3645.76146,,Actual,Prophet
2012-05-01,NC,million kilowatt hours,COM,3965.18064,,Actual,Prophet
2012-06-01,NC,million kilowatt hours,COM,4182.55765,,Actual,Prophet
2012-07-01,NC,million kilowatt hours,COM,4504.11615,,Actual,Prophet
2012-08-01,NC,million kilowatt hours,COM,4539.25004,,Actual,Prophet
2012-09-01,NC,million kilowatt hours,COM,4153.47489,,Actual,Prophet
2012-10-01,NC,million kilowatt hours,COM,3777.73825,,Actual,Prophet
2012-11-01,NC,million kilowatt hours,COM,3614.28182,,Actual,Prophet
2012-12-01,NC,million kilowatt hours,COM,3600.35163,,Actual,Prophet
2013-01-01,NC,million kilowatt hours,COM,3729.54531,,Actual,Prophet
2013-02-01,NC,million kilowatt hours,COM,3383.36386,,Actual,Prophet
2013-03-01,NC,million kilowatt hours,COM,3647.76337,,Actual,Prophet
2013-04-01,NC,million kilowatt hours,COM,3431.44489,,Actual,Prophet
2013-05-01,NC,million kilowatt hours,COM,3988.59654,,Actual,Prophet
2013-06-01,NC,million kilowatt hours,COM,4205.18072,,Actual,Prophet
2013-07-01,NC,million kilowatt hours,COM,4462.24579,,Actual,Prophet
2013-08-01,NC,million kilowatt hours,COM,4410.81923,,Actual,Prophet
2013-09-01,NC,million kilowatt hours,COM,4216.29187,,Actual,Prophet
2013-10-01,NC,million kilowatt hours,COM,3947.8214,,Actual,Prophet
2013-11-01,NC,million kilowatt hours,COM,3681.38663,,Actual,Prophet
2013-12-01,NC,million kilowatt hours,COM,3544.30641,,Actual,Prophet
2014-01-01,NC,million kilowatt hours,COM,4084.70659,,Actual,Prophet
2014-02-01,NC,million kilowatt hours,COM,3451.77842,,Actual,Prophet
2014-03-01,NC,million kilowatt hours,COM,3711.44018,,Actual,Prophet
2014-04-01,NC,million kilowatt hours,COM,3590.90864,,Actual,Prophet
2014-05-01,NC,million kilowatt hours,COM,3968.58642,,Actual,Prophet
2014-06-01,NC,million kilowatt hours,COM,4292.52354,,Actual,Prophet
2014-07-01,NC,million kilowatt hours,COM,4424.89347,,Actual,Prophet
2014-08-01,NC,million kilowatt hours,COM,4497.54299,,Actual,Prophet
2014-09-01,NC,million kilowatt hours,COM,4200.06244,,Actual,Prophet
2014-10-01,NC,million kilowatt hours,COM,3988.77331,,Actual,Prophet
2014-11-01,NC,million kilowatt hours,COM,3639.42129,,Actual,Prophet
2014-12-01,NC,million kilowatt hours,COM,3658.92571,,Actual,Prophet
2015-01-01,NC,million kilowatt hours,COM,3949.81881,,Actual,Prophet
2015-02-01,NC,million kilowatt hours,COM,3751.0436,,Actual,Prophet
2015-03-01,NC,million kilowatt hours,COM,3582.51317,,Actual,Prophet
2015-04-01,NC,million kilowatt hours,COM,3671.67807,,Actual,Prophet
2015-05-01,NC,million kilowatt hours,COM,3956.42329,,Actual,Prophet
2015-06-01,NC,million kilowatt hours,COM,4423.02015,,Actual,Prophet
2015-07-01,NC,million kilowatt hours,COM,4721.72438,,Actual,Prophet
2015-08-01,NC,million kilowatt hours,COM,4555.16552,,Actual,Prophet
2015-09-01,NC,million kilowatt hours,COM,4371.13537,,Actual,Prophet
2015-10-01,NC,million kilowatt hours,COM,3911.24855,,Actual,Prophet
2015-11-01,NC,million kilowatt hours,COM,3553.64487,,Actual,Prophet
2015-12-01,NC,million kilowatt hours,COM,3788.73124,,Actual,Prophet
2016-01-01,NC,million kilowatt hours,COM,3924.84744,,Actual,Prophet
2016-02-01,NC,million kilowatt hours,COM,3625.05243,,Actual,Prophet
2016-03-01,NC,million kilowatt hours,COM,3659.67915,,Actual,Prophet
2016-04-01,NC,million kilowatt hours,COM,3604.61653,,Actual,Prophet
2016-05-01,NC,million kilowatt hours,COM,3817.99776,,Actual,Prophet
2016-06-01,NC,million kilowatt hours,COM,4375.28915,,Actual,Prophet
2016-07-01,NC,million kilowatt hours,COM,4871.43013,,Actual,Prophet
2016-08-01,NC,million kilowatt hours,COM,4915.41227,,Actual,Prophet
2016-09-01,NC,million kilowatt hours,COM,4548.59153,,Actual,Prophet
2016-10-01,NC,million kilowatt hours,COM,3820.55429,,Actual,Prophet
2016-11-01,NC,million kilowatt hours,COM,3659.77492,,Actual,Prophet
2016-12-01,NC,million kilowatt hours,COM,3780.9754,,Actual,Prophet
2017-01-01,NC,million kilowatt hours,COM,3764.07316,,Actual,Prophet
2017-02-01,NC,million kilowatt hours,COM,3352.25981,,Actual,Prophet
2017-03-01,NC,million kilowatt hours,COM,3715.62252,,Actual,Prophet
2017-04-01,NC,million kilowatt hours,COM,3713.57423,,Actual,Prophet
2017-05-01,NC,million kilowatt hours,COM,3793.29035,,Actual,Prophet
2017-06-01,NC,million kilowatt hours,COM,4432.95789,,Actual,Prophet
2017-07-01,NC,million kilowatt hours,COM,4672.15454,,Actual,Prophet
2017-08-01,NC,million kilowatt hours,COM,4735.0683,,Actual,Prophet
2017-09-01,NC,million kilowatt hours,COM,4232.11591,,Actual,Prophet
2017-10-01,NC,million kilowatt hours,COM,3972.06213,,Actual,Prophet
2017-11-01,NC,million kilowatt hours,COM,3713.54456,,Actual,Prophet
2017-12-01,NC,million kilowatt hours,COM,3793.73161,,Actual,Prophet
2018-01-01,NC,million kilowatt hours,COM,4035.91922,,Actual,Prophet
2018-02-01,NC,million kilowatt hours,COM,3563.25265,,Actual,Prophet
2018-03-01,NC,million kilowatt hours,COM,3701.26431,,Actual,Prophet
2018-04-01,NC,million kilowatt hours,COM,3533.92678,,Actual,Prophet
2018-05-01,NC,million kilowatt hours,COM,4156.15253,,Actual,Prophet
2018-06-01,NC,million kilowatt hours,COM,4522.02399,,Actual,Prophet
2018-06-01,NC,million kilowatt hours,COM,4522.02399,4365.077346085559,Predicted,Prophet
2018-07-01,NC,million kilowatt hours,COM,4767.92068,,Actual,Prophet
2018-07-01,NC,million kilowatt hours,COM,4767.92068,4665.697467315864,Predicted,Prophet
2018-08-01,NC,million kilowatt hours,COM,4810.16933,,Actual,Prophet
2018-08-01,NC,million kilowatt hours,COM,4810.16933,4718.21259476193,Predicted,Prophet
2018-09-01,NC,million kilowatt hours,COM,4757.39144,,Actual,Prophet
2018-09-01,NC,million kilowatt hours,COM,4757.39144,4412.051759221708,Predicted,Prophet
2018-10-01,NC,million kilowatt hours,COM,3886.97468,,Actual,Prophet
2018-10-01,NC,million kilowatt hours,COM,3886.97468,4035.06086279861,Predicted,Prophet
2018-11-01,NC,million kilowatt hours,COM,3775.681,,Actual,Prophet
2018-11-01,NC,million kilowatt hours,COM,3775.681,3678.807409825319,Predicted,Prophet
2018-12-01,NC,million kilowatt hours,COM,3787.72538,,Actual,Prophet
2018-12-01,NC,million kilowatt hours,COM,3787.72538,3793.7153918080767,Predicted,Prophet
2019-01-01,NC,million kilowatt hours,COM,3982.79779,,Actual,Prophet
2019-01-01,NC,million kilowatt hours,COM,3982.79779,3960.33620838882,Predicted,Prophet
2019-02-01,NC,million kilowatt hours,COM,3463.99601,,Actual,Prophet
2019-02-01,NC,million kilowatt hours,COM,3463.99601,3687.7334968037203,Predicted,Prophet
2019-03-01,NC,million kilowatt hours,COM,3724.70436,,Actual,Prophet
2019-03-01,NC,million kilowatt hours,COM,3724.70436,3704.8366152686717,Predicted,Prophet
2019-04-01,NC,million kilowatt hours,COM,3626.07535,,Actual,Prophet
2019-04-01,NC,million kilowatt hours,COM,3626.07535,3694.5145103818486,Predicted,Prophet
2019-05-01,NC,million kilowatt hours,COM,4226.62482,,Actual,Prophet
2019-05-01,NC,million kilowatt hours,COM,4226.62482,4023.7405339091288,Predicted,Prophet
2019-06-01,NC,million kilowatt hours,COM,4354.78586,,Actual,Prophet
2019-06-01,NC,million kilowatt hours,COM,4354.78586,4380.87365226626,Predicted,Prophet
2019-07-01,NC,million kilowatt hours,COM,4857.35051,,Actual,Prophet
2019-07-01,NC,million kilowatt hours,COM,4857.35051,4677.97607727819,Predicted,Prophet
2019-08-01,NC,million kilowatt hours,COM,4741.3032,,Actual,Prophet
2019-08-01,NC,million kilowatt hours,COM,4741.3032,4753.6244051987305,Predicted,Prophet
2019-09-01,NC,million kilowatt hours,COM,4655.18741,,Actual,Prophet
2019-09-01,NC,million kilowatt hours,COM,4655.18741,4442.872682422596,Predicted,Prophet
2019-10-01,NC,million kilowatt hours,COM,4165.37558,,Actual,Prophet
2019-10-01,NC,million kilowatt hours,COM,4165.37558,4078.2102859026027,Predicted,Prophet
2019-11-01,NC,million kilowatt hours,COM,3597.29436,,Actual,Prophet
2019-11-01,NC,million kilowatt hours,COM,3597.29436,3670.631629677991,Predicted,Prophet
2019-12-01,NC,million kilowatt hours,COM,3777.54274,,Actual,Prophet
2019-12-01,NC,million kilowatt hours,COM,3777.54274,3834.388753839548,Predicted,Prophet
2020-01-01,NC,million kilowatt hours,COM,3906.31803,,Actual,Prophet
2020-01-01,NC,million kilowatt hours,COM,3906.31803,3955.3113111136436,Predicted,Prophet
2020-02-01,NC,million kilowatt hours,COM,3645.58829,,Actual,Prophet
2020-02-01,NC,million kilowatt hours,COM,3645.58829,3753.2818490533796,Predicted,Prophet
2020-03-01,NC,million kilowatt hours,COM,3621.0445,,Actual,Prophet
2020-03-01,NC,million kilowatt hours,COM,3621.0445,3765.5068573511417,Predicted,Prophet
2020-04-01,NC,million kilowatt hours,COM,3108.07574,,Actual,Prophet
2020-04-01,NC,million kilowatt hours,COM,3108.07574,3768.3150667761884,Predicted,Prophet
2020-05-01,NC,million kilowatt hours,COM,3481.99225,,Actual,Prophet
2020-05-01,NC,million kilowatt hours,COM,3481.99225,4016.2446990706453,Predicted,Prophet
2020-06-01,NC,million kilowatt hours,COM,3914.30517,,Actual,Prophet
2020-06-01,NC,million kilowatt hours,COM,3914.30517,4428.5920191326295,Predicted,Prophet
2020-07-01,NC,million kilowatt hours,COM,4697.36917,,Actual,Prophet
2020-07-01,NC,million kilowatt hours,COM,4697.36917,4737.502249397971,Predicted,Prophet
2020-08-01,NC,million kilowatt hours,COM,4439.71621,,Actual,Prophet
2020-08-01,NC,million kilowatt hours,COM,4439.71621,4743.781627189216,Predicted,Prophet
2020-09-01,NC,million kilowatt hours,COM,4104.70309,,Actual,Prophet
2020-09-01,NC,million kilowatt hours,COM,4104.70309,4446.152069702941,Predicted,Prophet
2020-10-01,NC,million kilowatt hours,COM,3918.38626,,Actual,Prophet
2020-10-01,NC,million kilowatt hours,COM,3918.38626,4042.877760843566,Predicted,Prophet
2020-11-01,NC,million kilowatt hours,COM,3713.70388,,Actual,Prophet
2020-11-01,NC,million kilowatt hours,COM,3713.70388,3790.6454006969525,Predicted,Prophet
2020-12-01,NC,million kilowatt hours,COM,3353.84842,,Actual,Prophet
2020-12-01,NC,million kilowatt hours,COM,3353.84842,3808.551306079108,Predicted,Prophet
2021-01-01,NC,million kilowatt hours,COM,4078.66542,,Actual,Prophet
2021-01-01,NC,million kilowatt hours,COM,4078.66542,4067.1731654613627,Predicted,Prophet
2021-02-01,NC,million kilowatt hours,COM,3446.14854,,Actual,Prophet
2021-02-01,NC,million kilowatt hours,COM,3446.14854,3653.343849390171,Predicted,Prophet
2021-03-01,NC,million kilowatt hours,COM,3277.62305,,Actual,Prophet
2021-03-01,NC,million kilowatt hours,COM,3277.62305,3777.8286245057952,Predicted,Prophet
2021-04-01,NC,million kilowatt hours,COM,3719.3085,,Actual,Prophet
2021-04-01,NC,million kilowatt hours,COM,3719.3085,3775.444149242245,Predicted,Prophet
2021-05-01,NC,million kilowatt hours,COM,3793.50056,,Actual,Prophet
2021-05-01,NC,million kilowatt hours,COM,3793.50056,4050.53055055634,Predicted,Prophet
2021-06-01,NC,million kilowatt hours,COM,4151.01166,,Actual,Prophet
2021-06-01,NC,million kilowatt hours,COM,4151.01166,4444.7910770244125,Predicted,Prophet
2021-07-01,NC,million kilowatt hours,COM,4711.7872,,Actual,Prophet
2021-07-01,NC,million kilowatt hours,COM,4711.7872,4749.348672532918,Predicted,Prophet
2021-08-01,NC,million kilowatt hours,COM,4875.09871,,Actual,Prophet
2021-08-01,NC,million kilowatt hours,COM,4875.09871,4778.7338750956815,Predicted,Prophet
2021-09-01,NC,million kilowatt hours,COM,4435.7547,,Actual,Prophet
2021-09-01,NC,million kilowatt hours,COM,4435.7547,4476.94672152142,Predicted,Prophet
2021-10-01,NC,million kilowatt hours,COM,4050.34227,,Actual,Prophet
2021-10-01,NC,million kilowatt hours,COM,4050.34227,4087.0853604603853,Predicted,Prophet
2021-11-01,NC,million kilowatt hours,COM,3465.86933,,Actual,Prophet
2021-11-01,NC,million kilowatt hours,COM,3465.86933,3782.6279672877713,Predicted,Prophet
2021-12-01,NC,million kilowatt hours,COM,3709.72207,,Actual,Prophet
2021-12-01,NC,million kilowatt hours,COM,3709.72207,3848.9070982512276,Predicted,Prophet
2022-01-01,NC,million kilowatt hours,COM,4216.21995,,Actual,Prophet
2022-01-01,NC,million kilowatt hours,COM,4216.21995,4061.435634327793,Predicted,Prophet
2022-02-01,NC,million kilowatt hours,COM,3662.98303,,Actual,Prophet
2022-02-01,NC,million kilowatt hours,COM,3662.98303,3718.2139209975358,Predicted,Prophet
2022-03-01,NC,million kilowatt hours,COM,3489.87755,,Actual,Prophet
2022-03-01,NC,million kilowatt hours,COM,3489.87755,3789.5050524136477,Predicted,Prophet
2022-04-01,NC,million kilowatt hours,COM,3653.82947,,Actual,Prophet
2022-04-01,NC,million kilowatt hours,COM,3653.82947,3782.740944913532,Predicted,Prophet
2022-05-01,NC,million kilowatt hours,COM,4228.47943,,Actual,Prophet
2022-05-01,NC,million kilowatt hours,COM,4228.47943,4084.9351455102515,Predicted,Prophet
2022-06-01,NC,million kilowatt hours,COM,4431.28415,,Actual,Prophet
2022-06-01,NC,million kilowatt hours,COM,4431.28415,4460.786050255281,Predicted,Prophet
2022-07-01,NC,million kilowatt hours,COM,4843.825,,Actual,Prophet
2022-07-01,NC,million kilowatt hours,COM,4843.825,4761.40617148569,Predicted,Prophet
2022-08-01,NC,million kilowatt hours,COM,4832.51137,,Actual,Prophet
2022-08-01,NC,million kilowatt hours,COM,4832.51137,4813.9212989315765,Predicted,Prophet
2022-09-01,NC,million kilowatt hours,COM,4195.13853,,Actual,Prophet
2022-09-01,NC,million kilowatt hours,COM,4195.13853,4507.760463391434,Predicted,Prophet
2022-10-01,NC,million kilowatt hours,COM,3912.82881,,Actual,Prophet
2022-10-01,NC,million kilowatt hours,COM,3912.82881,4130.769566968367,Predicted,Prophet
2022-11-01,NC,million kilowatt hours,COM,3790.57995,,Actual,Prophet
2022-11-01,NC,million kilowatt hours,COM,3790.57995,3774.5161139949873,Predicted,Prophet
2022-12-01,NC,million kilowatt hours,COM,3971.23978,,Actual,Prophet
2022-12-01,NC,million kilowatt hours,COM,3971.23978,3889.4240959776544,Predicted,Prophet
2023-01-01,NC,million kilowatt hours,COM,3642.72958,,Actual,Prophet
2023-01-01,NC,million kilowatt hours,COM,3642.72958,4056.0449125581836,Predicted,Prophet
2023-02-01,NC,million kilowatt hours,COM,3383.39804,,Actual,Prophet
2023-02-01,NC,million kilowatt hours,COM,3383.39804,3783.442200973649,Predicted,Prophet
2023-03-01,NC,million kilowatt hours,COM,3870.58631,,Actual,Prophet
2023-03-01,NC,million kilowatt hours,COM,3870.58631,3800.5453194383176,Predicted,Prophet
2023-04-01,NC,million kilowatt hours,COM,3609.84004,,Actual,Prophet
2023-04-01,NC,million kilowatt hours,COM,3609.84004,3790.2232145515945,Predicted,Prophet
2023-05-01,NC,million kilowatt hours,COM,3849.37162,,Actual,Prophet
2023-05-01,NC,million kilowatt hours,COM,3849.37162,4119.4492380788815,Predicted,Prophet
2023-06-01,NC,million kilowatt hours,COM,4177.35217,,Actual,Prophet
2023-06-01,NC,million kilowatt hours,COM,4177.35217,4476.582356436009,Predicted,Prophet
2023-07-01,NC,million kilowatt hours,COM,4873.12053,,Actual,Prophet
2023-07-01,NC,million kilowatt hours,COM,4873.12053,4773.6847814476905,Predicted,Prophet
2023-08-01,NC,million kilowatt hours,COM,4827.69443,,Actual,Prophet
2023-08-01,NC,million kilowatt hours,COM,4827.69443,4849.333109368299,Predicted,Prophet
2023-09-01,NC,million kilowatt hours,COM,4361.27193,,Actual,Prophet
2023-09-01,NC,million kilowatt hours,COM,4361.27193,4538.581386592317,Predicted,Prophet
2023-10-01,NC,million kilowatt hours,COM,3872.94285,,Actual,Prophet
2023-10-01,NC,million kilowatt hours,COM,3872.94285,4173.9189900723195,Predicted,Prophet
2023-11-01,NC,million kilowatt hours,COM,3997.71527,,Actual,Prophet
2023-11-01,NC,million kilowatt hours,COM,3997.71527,3766.3403338479147,Predicted,Prophet
2023-12-01,NC,million kilowatt hours,COM,3730.88324,,Actual,Prophet
2023-12-01,NC,million kilowatt hours,COM,3730.88324,3930.0974580090965,Predicted,Prophet
2024-01-01,NC,million kilowatt hours,COM,4133.15025,,Actual,Prophet
2024-01-01,NC,million kilowatt hours,COM,4133.15025,4051.0200152837133,Predicted,Prophet
2024-02-01,NC,million kilowatt hours,COM,3623.60111,,Actual,Prophet
2024-02-01,NC,million kilowatt hours,COM,3623.60111,3848.9905532234043,Predicted,Prophet
2024-03-01,NC,million kilowatt hours,COM,3709.2088,,Actual,Prophet
2024-03-01,NC,million kilowatt hours,COM,3709.2088,3861.215561520968,Predicted,Prophet
2024-04-01,NC,million kilowatt hours,COM,3699.82002,,Actual,Prophet
2024-04-01,NC,million kilowatt hours,COM,3699.82002,3864.0237709458434,Predicted,Prophet
2024-05-01,NC,million kilowatt hours,COM,4165.47751,,Actual,Prophet
2024-05-01,NC,million kilowatt hours,COM,4165.47751,4111.953403240338,Predicted,Prophet
2024-06-01,NC,million kilowatt hours,COM,4580.75233,,Actual,Prophet
2024-06-01,NC,million kilowatt hours,COM,4580.75233,4524.30072330228,Predicted,Prophet
2024-07-01,NC,million kilowatt hours,COM,4816.85131,,Actual,Prophet
2024-07-01,NC,million kilowatt hours,COM,4816.85131,4833.210953567894,Predicted,Prophet
2024-08-01,NC,million kilowatt hours,COM,4942.04017,,Actual,Prophet
2024-08-01,NC,million kilowatt hours,COM,4942.04017,4839.490331358989,Predicted,Prophet
2024-09-01,NC,million kilowatt hours,COM,4137.66922,,Actual,Prophet
2024-09-01,NC,million kilowatt hours,COM,4137.66922,4541.860773872636,Predicted,Prophet
2024-10-01,NC,million kilowatt hours,COM,3941.30303,,Actual,Prophet
2024-10-01,NC,million kilowatt hours,COM,3941.30303,4138.586465012961,Predicted,Prophet
2024-11-01,NC,million kilowatt hours,COM,3952.83605,,Actual,Prophet
2024-11-01,NC,million kilowatt hours,COM,3952.83605,3886.3541048665406,Predicted,Prophet
2024-12-01,NC,million kilowatt hours,COM,3821.55919,,Actual,Prophet
2024-12-01,NC,million kilowatt hours,COM,3821.55919,3904.2600102487504,Predicted,Prophet
2025-01-01,NC,million kilowatt hours,COM,4252.94638,,Actual,Prophet
2025-01-01,NC,million kilowatt hours,COM,4252.94638,4162.881869631147,Predicted,Prophet
2025-02-01,NC,million kilowatt hours,COM,3767.70475,,Actual,Prophet
2025-02-01,NC,million kilowatt hours,COM,3767.70475,3749.0525535599736,Predicted,Prophet
2025-03-01,NC,million kilowatt hours,COM,3750.69458,,Actual,Prophet
2025-03-01,NC,million kilowatt hours,COM,3750.69458,3873.5373286755726,Predicted,Prophet
2025-04-01,NC,million kilowatt hours,COM,3705.24598,,Actual,Prophet
2025-04-01,NC,million kilowatt hours,COM,3705.24598,3871.1528534118606,Predicted,Prophet
2025-05-01,NC,million kilowatt hours,COM,4140.13858,,Actual,Prophet
2025-05-01,NC,million kilowatt hours,COM,4140.13858,4146.239254726097,Predicted,Prophet
2025-06-01,NC,million kilowatt hours,COM,4617.3058,,Actual,Prophet
2025-06-01,NC,million kilowatt hours,COM,4617.3058,4540.499781194248,Predicted,Prophet
2025-07-01,NC,million kilowatt hours,COM,5204.65442,,Actual,Prophet
2025-07-01,NC,million kilowatt hours,COM,5204.65442,4845.057376702463,Predicted,Prophet
2025-08-01,NC,million kilowatt hours,COM,4738.26372,,Actual,Prophet
2025-08-01,NC,million kilowatt hours,COM,4738.26372,4874.442579265406,Predicted,Prophet
2025-09-01,NC,million kilowatt hours,COM,4200.6658,,Actual,Prophet
2025-09-01,NC,million kilowatt hours,COM,4200.6658,4572.655425691003,Predicted,Prophet
2025-10-01,NC,million kilowatt hours,COM,3963.42146,,Actual,Prophet
2025-10-01,NC,million kilowatt hours,COM,3963.42146,4182.794064629908,Predicted,Prophet
2025-11-01,NC,million kilowatt hours,COM,3730.97423,,Actual,Prophet
2025-11-01,NC,million kilowatt hours,COM,3730.97423,3878.336671457698,Predicted,Prophet
2025-12-01,NC,million kilowatt hours,COM,,3830.730627203578,Forecast,Prophet
2026-01-01,NC,million kilowatt hours,COM,,4082.7766864092055,Forecast,Prophet
2026-02-01,NC,million kilowatt hours,COM,,3701.5815330047735,Forecast,Prophet
2026-03-01,NC,million kilowatt hours,COM,,3771.7578628340775,Forecast,Prophet
2026-04-01,NC,million kilowatt hours,COM,,3754.847260654554,Forecast,Prophet
2026-05-01,NC,million kilowatt hours,COM,,4083.3647938094396,Forecast,Prophet
2026-06-01,NC,million kilowatt hours,COM,,4442.9206799148715,Forecast,Prophet
2026-07-01,NC,million kilowatt hours,COM,,4808.794596015965,Forecast,Prophet
2026-08-01,NC,million kilowatt hours,COM,,4823.29059926186,Forecast,Prophet
2026-09-01,NC,million kilowatt hours,COM,,4498.967369089972,Forecast,Prophet
2026-10-01,NC,million kilowatt hours,COM,,4100.622872482715,Forecast,Prophet
2026-11-01,NC,million kilowatt hours,COM,,3795.168319048796,Forecast,Prophet
2026-12-01,NC,million kilowatt hours,COM,,3879.6671334536354,Forecast,Prophet
2027-01-01,NC,million kilowatt hours,COM,,4066.091385198778,Forecast,Prophet
2027-02-01,NC,million kilowatt hours,COM,,3741.8807684511435,Forecast,Prophet
2027-03-01,NC,million kilowatt hours,COM,,3793.963927299924,Forecast,Prophet
2027-04-01,NC,million kilowatt hours,COM,,3774.9291335486278,Forecast,Prophet
2027-05-01,NC,million kilowatt hours,COM,,4121.647760291997,Forecast,Prophet
2027-06-01,NC,million kilowatt hours,COM,,4446.527713576881,Forecast,Prophet
2027-07-01,NC,million kilowatt hours,COM,,4811.613418564636,Forecast,Prophet
2027-08-01,NC,million kilowatt hours,COM,,4845.335820923961,Forecast,Prophet
2027-09-01,NC,million kilowatt hours,COM,,4551.318029385144,Forecast,Prophet
2027-10-01,NC,million kilowatt hours,COM,,4128.538998305113,Forecast,Prophet
2027-11-01,NC,million kilowatt hours,COM,,3795.87774291252,Forecast,Prophet
2001-01-01,NC,million kilowatt hours,IND,2694.49793,,Actual,SARIMA
2001-02-01,NC,million kilowatt hours,IND,2422.95019,,Actual,SARIMA
2001-03-01,NC,million kilowatt hours,IND,2734.45614,,Actual,SARIMA
2001-04-01,NC,million kilowatt hours,IND,2809.27867,,Actual,SARIMA
2001-05-01,NC,million kilowatt hours,IND,2814.46827,,Actual,SARIMA
2001-06-01,NC,million kilowatt hours,IND,2890.53997,,Actual,SARIMA
2001-07-01,NC,million kilowatt hours,IND,2807.3644,,Actual,SARIMA
2001-08-01,NC,million kilowatt hours,IND,2994.11228,,Actual,SARIMA
2001-09-01,NC,million kilowatt hours,IND,2861.05692,,Actual,SARIMA
2001-10-01,NC,million kilowatt hours,IND,2775.21083,,Actual,SARIMA
2001-11-01,NC,million kilowatt hours,IND,2642.23413,,Actual,SARIMA
2001-12-01,NC,million kilowatt hours,IND,2484.96927,,Actual,SARIMA
2002-01-01,NC,million kilowatt hours,IND,2280.31536,,Actual,SARIMA
2002-02-01,NC,million kilowatt hours,IND,2480.04384,,Actual,SARIMA
2002-03-01,NC,million kilowatt hours,IND,2352.3719,,Actual,SARIMA
2002-04-01,NC,million kilowatt hours,IND,2640.00994,,Actual,SARIMA
2002-05-01,NC,million kilowatt hours,IND,2726.42808,,Actual,SARIMA
2002-06-01,NC,million kilowatt hours,IND,2701.08079,,Actual,SARIMA
2002-07-01,NC,million kilowatt hours,IND,2756.31028,,Actual,SARIMA
2002-08-01,NC,million kilowatt hours,IND,2966.19071,,Actual,SARIMA
2002-09-01,NC,million kilowatt hours,IND,2871.82901,,Actual,SARIMA
2002-10-01,NC,million kilowatt hours,IND,2628.97396,,Actual,SARIMA
2002-11-01,NC,million kilowatt hours,IND,2566.26267,,Actual,SARIMA
2002-12-01,NC,million kilowatt hours,IND,2411.27248,,Actual,SARIMA
2003-01-01,NC,million kilowatt hours,IND,2321.53619,,Actual,SARIMA
2003-02-01,NC,million kilowatt hours,IND,2538.18293,,Actual,SARIMA
2003-03-01,NC,million kilowatt hours,IND,2382.68171,,Actual,SARIMA
2003-04-01,NC,million kilowatt hours,IND,2518.08305,,Actual,SARIMA
2003-05-01,NC,million kilowatt hours,IND,2527.30088,,Actual,SARIMA
2003-06-01,NC,million kilowatt hours,IND,2762.2616,,Actual,SARIMA
2003-07-01,NC,million kilowatt hours,IND,2473.63414,,Actual,SARIMA
2003-08-01,NC,million kilowatt hours,IND,2904.28651,,Actual,SARIMA
2003-09-01,NC,million kilowatt hours,IND,2435.78375,,Actual,SARIMA
2003-10-01,NC,million kilowatt hours,IND,2536.79833,,Actual,SARIMA
2003-11-01,NC,million kilowatt hours,IND,2566.88916,,Actual,SARIMA
2003-12-01,NC,million kilowatt hours,IND,2346.89775,,Actual,SARIMA
2004-01-01,NC,million kilowatt hours,IND,2262.7181,,Actual,SARIMA
2004-02-01,NC,million kilowatt hours,IND,2287.43938,,Actual,SARIMA
2004-03-01,NC,million kilowatt hours,IND,2501.41291,,Actual,SARIMA
2004-04-01,NC,million kilowatt hours,IND,2500.2478,,Actual,SARIMA
2004-05-01,NC,million kilowatt hours,IND,2803.61646,,Actual,SARIMA
2004-06-01,NC,million kilowatt hours,IND,2599.14791,,Actual,SARIMA
2004-07-01,NC,million kilowatt hours,IND,2736.23819,,Actual,SARIMA
2004-08-01,NC,million kilowatt hours,IND,2918.596,,Actual,SARIMA
2004-09-01,NC,million kilowatt hours,IND,2682.10357,,Actual,SARIMA
2004-10-01,NC,million kilowatt hours,IND,2628.13135,,Actual,SARIMA
2004-11-01,NC,million kilowatt hours,IND,2695.00465,,Actual,SARIMA
2004-12-01,NC,million kilowatt hours,IND,2460.50969,,Actual,SARIMA
2005-01-01,NC,million kilowatt hours,IND,2249.9974,,Actual,SARIMA
2005-02-01,NC,million kilowatt hours,IND,2324.18972,,Actual,SARIMA
2005-03-01,NC,million kilowatt hours,IND,2399.65282,,Actual,SARIMA
2005-04-01,NC,million kilowatt hours,IND,2460.0022,,Actual,SARIMA
2005-05-01,NC,million kilowatt hours,IND,2584.06863,,Actual,SARIMA
2005-06-01,NC,million kilowatt hours,IND,2579.99392,,Actual,SARIMA
2005-07-01,NC,million kilowatt hours,IND,2678.05364,,Actual,SARIMA
2005-08-01,NC,million kilowatt hours,IND,2823.40087,,Actual,SARIMA
2005-09-01,NC,million kilowatt hours,IND,2553.92494,,Actual,SARIMA
2005-10-01,NC,million kilowatt hours,IND,2595.17742,,Actual,SARIMA
2005-11-01,NC,million kilowatt hours,IND,2531.5052,,Actual,SARIMA
2005-12-01,NC,million kilowatt hours,IND,2321.31224,,Actual,SARIMA
2006-01-01,NC,million kilowatt hours,IND,2191.92139,,Actual,SARIMA
2006-02-01,NC,million kilowatt hours,IND,2403.6428,,Actual,SARIMA
2006-03-01,NC,million kilowatt hours,IND,2345.21031,,Actual,SARIMA
2006-04-01,NC,million kilowatt hours,IND,2387.82324,,Actual,SARIMA
2006-05-01,NC,million kilowatt hours,IND,2628.35844,,Actual,SARIMA
2006-06-01,NC,million kilowatt hours,IND,2508.02285,,Actual,SARIMA
2006-07-01,NC,million kilowatt hours,IND,2606.20267,,Actual,SARIMA
2006-08-01,NC,million kilowatt hours,IND,2716.49972,,Actual,SARIMA
2006-09-01,NC,million kilowatt hours,IND,2331.87424,,Actual,SARIMA
2006-10-01,NC,million kilowatt hours,IND,2642.6665,,Actual,SARIMA
2006-11-01,NC,million kilowatt hours,IND,2351.45804,,Actual,SARIMA
2006-12-01,NC,million kilowatt hours,IND,2149.2668,,Actual,SARIMA
2007-01-01,NC,million kilowatt hours,IND,2226.49333,,Actual,SARIMA
2007-02-01,NC,million kilowatt hours,IND,2255.2198,,Actual,SARIMA
2007-03-01,NC,million kilowatt hours,IND,2251.0288,,Actual,SARIMA
2007-04-01,NC,million kilowatt hours,IND,2407.53725,,Actual,SARIMA
2007-05-01,NC,million kilowatt hours,IND,2521.18319,,Actual,SARIMA
2007-06-01,NC,million kilowatt hours,IND,2473.22236,,Actual,SARIMA
2007-07-01,NC,million kilowatt hours,IND,2532.21334,,Actual,SARIMA
2007-08-01,NC,million kilowatt hours,IND,2768.33458,,Actual,SARIMA
2007-09-01,NC,million kilowatt hours,IND,2291.33053,,Actual,SARIMA
2007-10-01,NC,million kilowatt hours,IND,2622.49645,,Actual,SARIMA
2007-11-01,NC,million kilowatt hours,IND,2433.61649,,Actual,SARIMA
2007-12-01,NC,million kilowatt hours,IND,2195.72289,,Actual,SARIMA
2008-01-01,NC,million kilowatt hours,IND,2168.37117,,Actual,SARIMA
2008-02-01,NC,million kilowatt hours,IND,2292.43224,,Actual,SARIMA
2008-03-01,NC,million kilowatt hours,IND,2297.26801,,Actual,SARIMA
2008-04-01,NC,million kilowatt hours,IND,2300.87065,,Actual,SARIMA
2008-05-01,NC,million kilowatt hours,IND,2582.80547,,Actual,SARIMA
2008-06-01,NC,million kilowatt hours,IND,2542.08058,,Actual,SARIMA
2008-07-01,NC,million kilowatt hours,IND,2246.42028,,Actual,SARIMA
2008-08-01,NC,million kilowatt hours,IND,2573.08806,,Actual,SARIMA
2008-09-01,NC,million kilowatt hours,IND,2451.21388,,Actual,SARIMA
2008-10-01,NC,million kilowatt hours,IND,2282.0469,,Actual,SARIMA
2008-11-01,NC,million kilowatt hours,IND,2241.58025,,Actual,SARIMA
2008-12-01,NC,million kilowatt hours,IND,1794.48449,,Actual,SARIMA
2009-01-01,NC,million kilowatt hours,IND,1842.80039,,Actual,SARIMA
2009-02-01,NC,million kilowatt hours,IND,1916.64526,,Actual,SARIMA
2009-03-01,NC,million kilowatt hours,IND,1960.75984,,Actual,SARIMA
2009-04-01,NC,million kilowatt hours,IND,1942.13362,,Actual,SARIMA
2009-05-01,NC,million kilowatt hours,IND,2107.98804,,Actual,SARIMA
2009-06-01,NC,million kilowatt hours,IND,2324.56774,,Actual,SARIMA
2009-07-01,NC,million kilowatt hours,IND,2017.20851,,Actual,SARIMA
2009-08-01,NC,million kilowatt hours,IND,2485.23418,,Actual,SARIMA
2009-09-01,NC,million kilowatt hours,IND,2180.7543,,Actual,SARIMA
2009-10-01,NC,million kilowatt hours,IND,2112.4257,,Actual,SARIMA
2009-11-01,NC,million kilowatt hours,IND,2197.16187,,Actual,SARIMA
2009-12-01,NC,million kilowatt hours,IND,2012.00254,,Actual,SARIMA
2010-01-01,NC,million kilowatt hours,IND,1775.75444,,Actual,SARIMA
2010-02-01,NC,million kilowatt hours,IND,2090.38481,,Actual,SARIMA
2010-03-01,NC,million kilowatt hours,IND,2067.94935,,Actual,SARIMA
2010-04-01,NC,million kilowatt hours,IND,2092.31134,,Actual,SARIMA
2010-05-01,NC,million kilowatt hours,IND,2356.09272,,Actual,SARIMA
2010-06-01,NC,million kilowatt hours,IND,2451.17828,,Actual,SARIMA
2010-07-01,NC,million kilowatt hours,IND,2182.49753,,Actual,SARIMA
2010-08-01,NC,million kilowatt hours,IND,2531.05122,,Actual,SARIMA
2010-09-01,NC,million kilowatt hours,IND,2273.88746,,Actual,SARIMA
2010-10-01,NC,million kilowatt hours,IND,2181.86732,,Actual,SARIMA
2010-11-01,NC,million kilowatt hours,IND,2303.14397,,Actual,SARIMA
2010-12-01,NC,million kilowatt hours,IND,2009.73159,,Actual,SARIMA
2011-01-01,NC,million kilowatt hours,IND,1832.57791,,Actual,SARIMA
2011-02-01,NC,million kilowatt hours,IND,2109.2068,,Actual,SARIMA
2011-03-01,NC,million kilowatt hours,IND,2242.73371,,Actual,SARIMA
2011-04-01,NC,million kilowatt hours,IND,2172.28154,,Actual,SARIMA
2011-05-01,NC,million kilowatt hours,IND,2511.71563,,Actual,SARIMA
2011-06-01,NC,million kilowatt hours,IND,2118.076,,Actual,SARIMA
2011-07-01,NC,million kilowatt hours,IND,2351.777,,Actual,SARIMA
2011-08-01,NC,million kilowatt hours,IND,2515.60934,,Actual,SARIMA
2011-09-01,NC,million kilowatt hours,IND,2164.45416,,Actual,SARIMA
2011-10-01,NC,million kilowatt hours,IND,2326.74777,,Actual,SARIMA
2011-11-01,NC,million kilowatt hours,IND,2124.46291,,Actual,SARIMA
2011-12-01,NC,million kilowatt hours,IND,2084.97224,,Actual,SARIMA
2012-01-01,NC,million kilowatt hours,IND,1880.93287,,Actual,SARIMA
2012-02-01,NC,million kilowatt hours,IND,2200.16779,,Actual,SARIMA
2012-03-01,NC,million kilowatt hours,IND,2170.72676,,Actual,SARIMA
2012-04-01,NC,million kilowatt hours,IND,2269.0791,,Actual,SARIMA
2012-05-01,NC,million kilowatt hours,IND,2440.53185,,Actual,SARIMA
2012-06-01,NC,million kilowatt hours,IND,2317.1696,,Actual,SARIMA
2012-07-01,NC,million kilowatt hours,IND,2268.33242,,Actual,SARIMA
2012-08-01,NC,million kilowatt hours,IND,2387.74213,,Actual,SARIMA
2012-09-01,NC,million kilowatt hours,IND,2196.83479,,Actual,SARIMA
2012-10-01,NC,million kilowatt hours,IND,2494.99349,,Actual,SARIMA
2012-11-01,NC,million kilowatt hours,IND,2169.53841,,Actual,SARIMA
2012-12-01,NC,million kilowatt hours,IND,2100.0738,,Actual,SARIMA
2013-01-01,NC,million kilowatt hours,IND,1973.00911,,Actual,SARIMA
2013-02-01,NC,million kilowatt hours,IND,2094.86758,,Actual,SARIMA
2013-03-01,NC,million kilowatt hours,IND,2123.87715,,Actual,SARIMA
2013-04-01,NC,million kilowatt hours,IND,2192.13245,,Actual,SARIMA
2013-05-01,NC,million kilowatt hours,IND,2420.98355,,Actual,SARIMA
2013-06-01,NC,million kilowatt hours,IND,2297.1138,,Actual,SARIMA
2013-07-01,NC,million kilowatt hours,IND,2523.42284,,Actual,SARIMA
2013-08-01,NC,million kilowatt hours,IND,2333.19829,,Actual,SARIMA
2013-09-01,NC,million kilowatt hours,IND,2328.99088,,Actual,SARIMA
2013-10-01,NC,million kilowatt hours,IND,2352.82587,,Actual,SARIMA
2013-11-01,NC,million kilowatt hours,IND,2312.02095,,Actual,SARIMA
2013-12-01,NC,million kilowatt hours,IND,1919.99454,,Actual,SARIMA
2014-01-01,NC,million kilowatt hours,IND,2010.94484,,Actual,SARIMA
2014-02-01,NC,million kilowatt hours,IND,1938.86673,,Actual,SARIMA
2014-03-01,NC,million kilowatt hours,IND,2263.18381,,Actual,SARIMA
2014-04-01,NC,million kilowatt hours,IND,2134.1965,,Actual,SARIMA
2014-05-01,NC,million kilowatt hours,IND,2478.81562,,Actual,SARIMA
2014-06-01,NC,million kilowatt hours,IND,2379.57528,,Actual,SARIMA
2014-07-01,NC,million kilowatt hours,IND,2231.70249,,Actual,SARIMA
2014-08-01,NC,million kilowatt hours,IND,2614.46829,,Actual,SARIMA
2014-09-01,NC,million kilowatt hours,IND,2265.7834,,Actual,SARIMA
2014-10-01,NC,million kilowatt hours,IND,2286.61349,,Actual,SARIMA
2014-11-01,NC,million kilowatt hours,IND,2391.88664,,Actual,SARIMA
2014-12-01,NC,million kilowatt hours,IND,1968.5119,,Actual,SARIMA
2015-01-01,NC,million kilowatt hours,IND,2069.05973,,Actual,SARIMA
2015-02-01,NC,million kilowatt hours,IND,2261.29448,,Actual,SARIMA
2015-03-01,NC,million kilowatt hours,IND,1949.30325,,Actual,SARIMA
2015-04-01,NC,million kilowatt hours,IND,2268.95213,,Actual,SARIMA
2015-05-01,NC,million kilowatt hours,IND,2536.06853,,Actual,SARIMA
2015-06-01,NC,million kilowatt hours,IND,2483.65565,,Actual,SARIMA
2015-07-01,NC,million kilowatt hours,IND,2335.53349,,Actual,SARIMA
2015-08-01,NC,million kilowatt hours,IND,2519.52984,,Actual,SARIMA
2015-09-01,NC,million kilowatt hours,IND,2347.63608,,Actual,SARIMA
2015-10-01,NC,million kilowatt hours,IND,2303.31963,,Actual,SARIMA
2015-11-01,NC,million kilowatt hours,IND,2329.01473,,Actual,SARIMA
2015-12-01,NC,million kilowatt hours,IND,2297.80048,,Actual,SARIMA
2016-01-01,NC,million kilowatt hours,IND,2013.73754,,Actual,SARIMA
2016-02-01,NC,million kilowatt hours,IND,2162.08955,,Actual,SARIMA
2016-03-01,NC,million kilowatt hours,IND,2181.41758,,Actual,SARIMA
2016-04-01,NC,million kilowatt hours,IND,2284.14493,,Actual,SARIMA
2016-05-01,NC,million kilowatt hours,IND,2351.29929,,Actual,SARIMA
2016-06-01,NC,million kilowatt hours,IND,2362.24295,,Actual,SARIMA
2016-07-01,NC,million kilowatt hours,IND,2526.13739,,Actual,SARIMA
2016-08-01,NC,million kilowatt hours,IND,2524.81783,,Actual,SARIMA
2016-09-01,NC,million kilowatt hours,IND,2299.85293,,Actual,SARIMA
2016-10-01,NC,million kilowatt hours,IND,2267.53342,,Actual,SARIMA
2016-11-01,NC,million kilowatt hours,IND,2191.5434,,Actual,SARIMA
2016-12-01,NC,million kilowatt hours,IND,2172.07019,,Actual,SARIMA
2017-01-01,NC,million kilowatt hours,IND,2066.24291,,Actual,SARIMA
2017-02-01,NC,million kilowatt hours,IND,2034.24814,,Actual,SARIMA
2017-03-01,NC,million kilowatt hours,IND,2260.09065,,Actual,SARIMA
2017-04-01,NC,million kilowatt hours,IND,2143.96251,,Actual,SARIMA
2017-05-01,NC,million kilowatt hours,IND,2664.38195,,Actual,SARIMA
2017-06-01,NC,million kilowatt hours,IND,2295.36419,,Actual,SARIMA
2017-07-01,NC,million kilowatt hours,IND,2379.30816,,Actual,SARIMA
2017-08-01,NC,million kilowatt hours,IND,2520.38104,,Actual,SARIMA
2017-09-01,NC,million kilowatt hours,IND,2258.13118,,Actual,SARIMA
2017-10-01,NC,million kilowatt hours,IND,2291.88323,,Actual,SARIMA
2017-11-01,NC,million kilowatt hours,IND,2289.18971,,Actual,SARIMA
2017-12-01,NC,million kilowatt hours,IND,2190.18033,,Actual,SARIMA
2018-01-01,NC,million kilowatt hours,IND,2085.17977,,Actual,SARIMA
2018-02-01,NC,million kilowatt hours,IND,1974.77486,,Actual,SARIMA
2018-03-01,NC,million kilowatt hours,IND,2293.0774,,Actual,SARIMA
2018-04-01,NC,million kilowatt hours,IND,2141.50017,,Actual,SARIMA
2018-05-01,NC,million kilowatt hours,IND,2488.07223,,Actual,SARIMA
2018-06-01,NC,million kilowatt hours,IND,2342.90934,,Actual,SARIMA
2018-06-01,NC,million kilowatt hours,IND,2342.90934,2359.930026608672,Predicted,SARIMA
2018-07-01,NC,million kilowatt hours,IND,2550.46438,,Actual,SARIMA
2018-07-01,NC,million kilowatt hours,IND,2550.46438,2365.555239011209,Predicted,SARIMA
2018-08-01,NC,million kilowatt hours,IND,2529.40975,,Actual,SARIMA
2018-08-01,NC,million kilowatt hours,IND,2529.40975,2536.2059798226933,Predicted,SARIMA
2018-09-01,NC,million kilowatt hours,IND,2151.16754,,Actual,SARIMA
2018-09-01,NC,million kilowatt hours,IND,2151.16754,2295.6093130656427,Predicted,SARIMA
2018-10-01,NC,million kilowatt hours,IND,2424.91124,,Actual,SARIMA
2018-10-01,NC,million kilowatt hours,IND,2424.91124,2326.659546966347,Predicted,SARIMA
2018-11-01,NC,million kilowatt hours,IND,2329.44902,,Actual,SARIMA
2018-11-01,NC,million kilowatt hours,IND,2329.44902,2277.9557194620807,Predicted,SARIMA
2018-12-01,NC,million kilowatt hours,IND,2042.6443,,Actual,SARIMA
2018-12-01,NC,million kilowatt hours,IND,2042.6443,2094.0168263840337,Predicted,SARIMA
2019-01-01,NC,million kilowatt hours,IND,2192.37306,,Actual,SARIMA
2019-01-01,NC,million kilowatt hours,IND,2192.37306,1998.0565098763914,Predicted,SARIMA
2019-02-01,NC,million kilowatt hours,IND,1978.55304,,Actual,SARIMA
2019-02-01,NC,million kilowatt hours,IND,1978.55304,2095.4284234172214,Predicted,SARIMA
2019-03-01,NC,million kilowatt hours,IND,2241.94264,,Actual,SARIMA
2019-03-01,NC,million kilowatt hours,IND,2241.94264,2168.2010572090558,Predicted,SARIMA
2019-04-01,NC,million kilowatt hours,IND,2208.2532,,Actual,SARIMA
2019-04-01,NC,million kilowatt hours,IND,2208.2532,2196.124413694325,Predicted,SARIMA
2019-05-01,NC,million kilowatt hours,IND,2452.3907,,Actual,SARIMA
2019-05-01,NC,million kilowatt hours,IND,2452.3907,2450.2712977621295,Predicted,SARIMA
2019-06-01,NC,million kilowatt hours,IND,2327.34354,,Actual,SARIMA
2019-06-01,NC,million kilowatt hours,IND,2327.34354,2355.12995336259,Predicted,SARIMA
2019-07-01,NC,million kilowatt hours,IND,2584.54521,,Actual,SARIMA
2019-07-01,NC,million kilowatt hours,IND,2584.54521,2348.25841175022,Predicted,SARIMA
2019-08-01,NC,million kilowatt hours,IND,2410.10878,,Actual,SARIMA
2019-08-01,NC,million kilowatt hours,IND,2410.10878,2523.577513336233,Predicted,SARIMA
2019-09-01,NC,million kilowatt hours,IND,2349.33759,,Actual,SARIMA
2019-09-01,NC,million kilowatt hours,IND,2349.33759,2280.7945489057147,Predicted,SARIMA
2019-10-01,NC,million kilowatt hours,IND,2295.11904,,Actual,SARIMA
2019-10-01,NC,million kilowatt hours,IND,2295.11904,2312.589509717385,Predicted,SARIMA
2019-11-01,NC,million kilowatt hours,IND,2081.09483,,Actual,SARIMA
2019-11-01,NC,million kilowatt hours,IND,2081.09483,2264.2409501946304,Predicted,SARIMA
2019-12-01,NC,million kilowatt hours,IND,2269.94739,,Actual,SARIMA
2019-12-01,NC,million kilowatt hours,IND,2269.94739,2081.545694400105,Predicted,SARIMA
2020-01-01,NC,million kilowatt hours,IND,2111.88078,,Actual,SARIMA
2020-01-01,NC,million kilowatt hours,IND,2111.88078,1985.4265194271231,Predicted,SARIMA
2020-02-01,NC,million kilowatt hours,IND,2097.34955,,Actual,SARIMA
2020-02-01,NC,million kilowatt hours,IND,2097.34955,2080.0119994407305,Predicted,SARIMA
2020-03-01,NC,million kilowatt hours,IND,2236.77506,,Actual,SARIMA
2020-03-01,NC,million kilowatt hours,IND,2236.77506,2156.0885433934573,Predicted,SARIMA
2020-04-01,NC,million kilowatt hours,IND,1768.97016,,Actual,SARIMA
2020-04-01,NC,million kilowatt hours,IND,1768.97016,2181.594647837925,Predicted,SARIMA
2020-05-01,NC,million kilowatt hours,IND,2227.53195,,Actual,SARIMA
2020-05-01,NC,million kilowatt hours,IND,2227.53195,2436.9864521939,Predicted,SARIMA
2020-06-01,NC,million kilowatt hours,IND,1977.78073,,Actual,SARIMA
2020-06-01,NC,million kilowatt hours,IND,1977.78073,2341.4006151202525,Predicted,SARIMA
2020-07-01,NC,million kilowatt hours,IND,2350.23219,,Actual,SARIMA
2020-07-01,NC,million kilowatt hours,IND,2350.23219,2334.697395138848,Predicted,SARIMA
2020-08-01,NC,million kilowatt hours,IND,2180.43465,,Actual,SARIMA
2020-08-01,NC,million kilowatt hours,IND,2180.43465,2509.9536175407475,Predicted,SARIMA
2020-09-01,NC,million kilowatt hours,IND,2163.035,,Actual,SARIMA
2020-09-01,NC,million kilowatt hours,IND,2163.035,2267.200104407952,Predicted,SARIMA
2020-10-01,NC,million kilowatt hours,IND,2316.31603,,Actual,SARIMA
2020-10-01,NC,million kilowatt hours,IND,2316.31603,2298.9850335818574,Predicted,SARIMA
2020-11-01,NC,million kilowatt hours,IND,2639.46458,,Actual,SARIMA
2020-11-01,NC,million kilowatt hours,IND,2639.46458,2250.631684022563,Predicted,SARIMA
2020-12-01,NC,million kilowatt hours,IND,1758.4623,,Actual,SARIMA
2020-12-01,NC,million kilowatt hours,IND,1758.4623,2067.91966806878,Predicted,SARIMA
2021-01-01,NC,million kilowatt hours,IND,2074.86021,,Actual,SARIMA
2021-01-01,NC,million kilowatt hours,IND,2074.86021,1971.8026338059865,Predicted,SARIMA
2021-02-01,NC,million kilowatt hours,IND,2206.18999,,Actual,SARIMA
2021-02-01,NC,million kilowatt hours,IND,2206.18999,2066.425667580235,Predicted,SARIMA
2021-03-01,NC,million kilowatt hours,IND,2167.76782,,Actual,SARIMA
2021-03-01,NC,million kilowatt hours,IND,2167.76782,2142.4576836386073,Predicted,SARIMA
2021-04-01,NC,million kilowatt hours,IND,1896.94742,,Actual,SARIMA
2021-04-01,NC,million kilowatt hours,IND,1896.94742,2167.9963661777006,Predicted,SARIMA
2021-05-01,NC,million kilowatt hours,IND,2222.54182,,Actual,SARIMA
2021-05-01,NC,million kilowatt hours,IND,2222.54182,2423.371392338709,Predicted,SARIMA
2021-06-01,NC,million kilowatt hours,IND,2324.34366,,Actual,SARIMA
2021-06-01,NC,million kilowatt hours,IND,2324.34366,2327.791545837255,Predicted,SARIMA
2021-07-01,NC,million kilowatt hours,IND,2503.08516,,Actual,SARIMA
2021-07-01,NC,million kilowatt hours,IND,2503.08516,2321.086057330549,Predicted,SARIMA
2021-08-01,NC,million kilowatt hours,IND,2553.92501,,Actual,SARIMA
2021-08-01,NC,million kilowatt hours,IND,2553.92501,2496.34312717564,Predicted,SARIMA
2021-09-01,NC,million kilowatt hours,IND,2200.51223,,Actual,SARIMA
2021-09-01,NC,million kilowatt hours,IND,2200.51223,2253.589217118164,Predicted,SARIMA
2021-10-01,NC,million kilowatt hours,IND,2132.69925,,Actual,SARIMA
2021-10-01,NC,million kilowatt hours,IND,2132.69925,2285.374281491705,Predicted,SARIMA
2021-11-01,NC,million kilowatt hours,IND,2599.73464,,Actual,SARIMA
2021-11-01,NC,million kilowatt hours,IND,2599.73464,2237.0209964892533,Predicted,SARIMA
2021-12-01,NC,million kilowatt hours,IND,2166.75981,,Actual,SARIMA
2021-12-01,NC,million kilowatt hours,IND,2166.75981,2054.3092064175107,Predicted,SARIMA
2022-01-01,NC,million kilowatt hours,IND,3031.28514,,Actual,SARIMA
2022-01-01,NC,million kilowatt hours,IND,3031.28514,1958.1921433036784,Predicted,SARIMA
2022-02-01,NC,million kilowatt hours,IND,2155.91335,,Actual,SARIMA
2022-02-01,NC,million kilowatt hours,IND,2155.91335,2052.814670953864,Predicted,SARIMA
2022-03-01,NC,million kilowatt hours,IND,2244.11366,,Actual,SARIMA
2022-03-01,NC,million kilowatt hours,IND,2244.11366,2128.847287128934,Predicted,SARIMA
2022-04-01,NC,million kilowatt hours,IND,1995.70977,,Actual,SARIMA
2022-04-01,NC,million kilowatt hours,IND,1995.70977,2154.38553060261,Predicted,SARIMA
2022-05-01,NC,million kilowatt hours,IND,2214.75579,,Actual,SARIMA
2022-05-01,NC,million kilowatt hours,IND,2214.75579,2409.760782888727,Predicted,SARIMA
2022-06-01,NC,million kilowatt hours,IND,2173.45785,,Actual,SARIMA
2022-06-01,NC,million kilowatt hours,IND,2173.45785,2314.180855650412,Predicted,SARIMA
2022-07-01,NC,million kilowatt hours,IND,2501.50571,,Actual,SARIMA
2022-07-01,NC,million kilowatt hours,IND,2501.50571,2307.475397717348,Predicted,SARIMA
2022-08-01,NC,million kilowatt hours,IND,2433.17678,,Actual,SARIMA
2022-08-01,NC,million kilowatt hours,IND,2433.17678,2482.732456141176,Predicted,SARIMA
2022-09-01,NC,million kilowatt hours,IND,2172.29267,,Actual,SARIMA
2022-09-01,NC,million kilowatt hours,IND,2172.29267,2239.978551433181,Predicted,SARIMA
2022-10-01,NC,million kilowatt hours,IND,2263.2063,,Actual,SARIMA
2022-10-01,NC,million kilowatt hours,IND,2263.2063,2271.763613984593,Predicted,SARIMA
2022-11-01,NC,million kilowatt hours,IND,2364.58382,,Actual,SARIMA
2022-11-01,NC,million kilowatt hours,IND,2364.58382,2223.410328112088,Predicted,SARIMA
2022-12-01,NC,million kilowatt hours,IND,1969.32918,,Actual,SARIMA
2022-12-01,NC,million kilowatt hours,IND,1969.32918,2040.6985349960614,Predicted,SARIMA
2023-01-01,NC,million kilowatt hours,IND,1868.31536,,Actual,SARIMA
2023-01-01,NC,million kilowatt hours,IND,1868.31536,1944.5814722710636,Predicted,SARIMA
2023-02-01,NC,million kilowatt hours,IND,1994.50364,,Actual,SARIMA
2023-02-01,NC,million kilowatt hours,IND,1994.50364,2039.2040067424452,Predicted,SARIMA
2023-03-01,NC,million kilowatt hours,IND,2381.57029,,Actual,SARIMA
2023-03-01,NC,million kilowatt hours,IND,2381.57029,2115.2366148295505,Predicted,SARIMA
2023-04-01,NC,million kilowatt hours,IND,2066.70159,,Actual,SARIMA
2023-04-01,NC,million kilowatt hours,IND,2066.70159,2140.774864220651,Predicted,SARIMA
2023-05-01,NC,million kilowatt hours,IND,2417.76356,,Actual,SARIMA
2023-05-01,NC,million kilowatt hours,IND,2417.76356,2396.150113459208,Predicted,SARIMA
2023-06-01,NC,million kilowatt hours,IND,2336.90579,,Actual,SARIMA
2023-06-01,NC,million kilowatt hours,IND,2336.90579,2300.5701873090093,Predicted,SARIMA
2023-07-01,NC,million kilowatt hours,IND,2418.27961,,Actual,SARIMA
2023-07-01,NC,million kilowatt hours,IND,2418.27961,2293.8647289638952,Predicted,SARIMA
2023-08-01,NC,million kilowatt hours,IND,2410.94434,,Actual,SARIMA
2023-08-01,NC,million kilowatt hours,IND,2410.94434,2469.12178754165,Predicted,SARIMA
2023-09-01,NC,million kilowatt hours,IND,2170.52675,,Actual,SARIMA
2023-09-01,NC,million kilowatt hours,IND,2170.52675,2226.367882761559,Predicted,SARIMA
2023-10-01,NC,million kilowatt hours,IND,2237.71961,,Actual,SARIMA
2023-10-01,NC,million kilowatt hours,IND,2237.71961,2258.1529453375283,Predicted,SARIMA
2023-11-01,NC,million kilowatt hours,IND,2109.86526,,Actual,SARIMA
2023-11-01,NC,million kilowatt hours,IND,2109.86526,2209.799659476749,Predicted,SARIMA
2023-12-01,NC,million kilowatt hours,IND,1730.8782,,Actual,SARIMA
2023-12-01,NC,million kilowatt hours,IND,1730.8782,2027.0878664017514,Predicted,SARIMA
2024-01-01,NC,million kilowatt hours,IND,2084.64475,,Actual,SARIMA
2024-01-01,NC,million kilowatt hours,IND,2084.64475,1930.9708036715133,Predicted,SARIMA
2024-02-01,NC,million kilowatt hours,IND,1868.4208,,Actual,SARIMA
2024-02-01,NC,million kilowatt hours,IND,1868.4208,2025.5933380509634,Predicted,SARIMA
2024-03-01,NC,million kilowatt hours,IND,2134.16229,,Actual,SARIMA
2024-03-01,NC,million kilowatt hours,IND,2134.16229,2101.625946247073,Predicted,SARIMA
2024-04-01,NC,million kilowatt hours,IND,2176.8412,,Actual,SARIMA
2024-04-01,NC,million kilowatt hours,IND,2176.8412,2127.1641955584228,Predicted,SARIMA
2024-05-01,NC,million kilowatt hours,IND,2222.58565,,Actual,SARIMA
2024-05-01,NC,million kilowatt hours,IND,2222.58565,2382.5394448380516,Predicted,SARIMA
2024-06-01,NC,million kilowatt hours,IND,2260.87322,,Actual,SARIMA
2024-06-01,NC,million kilowatt hours,IND,2260.87322,2286.959518673189,Predicted,SARIMA
2024-07-01,NC,million kilowatt hours,IND,2279.84911,,Actual,SARIMA
2024-07-01,NC,million kilowatt hours,IND,2279.84911,2280.2540603336274,Predicted,SARIMA
2024-08-01,NC,million kilowatt hours,IND,2388.32284,,Actual,SARIMA
2024-08-01,NC,million kilowatt hours,IND,2388.32284,2455.5111189093086,Predicted,SARIMA
2024-09-01,NC,million kilowatt hours,IND,2073.72989,,Actual,SARIMA
2024-09-01,NC,million kilowatt hours,IND,2073.72989,2212.757214130189,Predicted,SARIMA
2024-10-01,NC,million kilowatt hours,IND,2245.04173,,Actual,SARIMA
2024-10-01,NC,million kilowatt hours,IND,2245.04173,2244.542276705827,Predicted,SARIMA
2024-11-01,NC,million kilowatt hours,IND,1829.66928,,Actual,SARIMA
2024-11-01,NC,million kilowatt hours,IND,1829.66928,2196.18899084489,Predicted,SARIMA
2024-12-01,NC,million kilowatt hours,IND,2058.78624,,Actual,SARIMA
2024-12-01,NC,million kilowatt hours,IND,2058.78624,2013.4771977693395,Predicted,SARIMA
2025-01-01,NC,million kilowatt hours,IND,2052.74306,,Actual,SARIMA
2025-01-01,NC,million kilowatt hours,IND,2052.74306,1917.360135039172,Predicted,SARIMA
2025-02-01,NC,million kilowatt hours,IND,1949.66901,,Actual,SARIMA
2025-02-01,NC,million kilowatt hours,IND,1949.66901,2011.9826694198614,Predicted,SARIMA
2025-03-01,NC,million kilowatt hours,IND,2139.97399,,Actual,SARIMA
2025-03-01,NC,million kilowatt hours,IND,2139.97399,2088.0152776145014,Predicted,SARIMA
2025-04-01,NC,million kilowatt hours,IND,2031.25202,,Actual,SARIMA
2025-04-01,NC,million kilowatt hours,IND,2031.25202,2113.5535269269258,Predicted,SARIMA
2025-05-01,NC,million kilowatt hours,IND,2297.67177,,Actual,SARIMA
2025-05-01,NC,million kilowatt hours,IND,2297.67177,2368.928776206002,Predicted,SARIMA
2025-06-01,NC,million kilowatt hours,IND,2236.50218,,Actual,SARIMA
2025-06-01,NC,million kilowatt hours,IND,2236.50218,2273.348850041336,Predicted,SARIMA
2025-07-01,NC,million kilowatt hours,IND,2396.58554,,Actual,SARIMA
2025-07-01,NC,million kilowatt hours,IND,2396.58554,2266.6433917017,Predicted,SARIMA
2025-08-01,NC,million kilowatt hours,IND,2366.86919,,Actual,SARIMA
2025-08-01,NC,million kilowatt hours,IND,2366.86919,2441.900450277409,Predicted,SARIMA
2025-09-01,NC,million kilowatt hours,IND,2205.06838,,Actual,SARIMA
2025-09-01,NC,million kilowatt hours,IND,2205.06838,2199.1465454982763,Predicted,SARIMA
2025-10-01,NC,million kilowatt hours,IND,2156.8223,,Actual,SARIMA
2025-10-01,NC,million kilowatt hours,IND,2156.8223,2230.9316080739195,Predicted,SARIMA
2025-11-01,NC,million kilowatt hours,IND,2042.34303,,Actual,SARIMA
2025-11-01,NC,million kilowatt hours,IND,2042.34303,2182.578322212984,Predicted,SARIMA
2025-12-01,NC,million kilowatt hours,IND,,1932.3350411779725,Forecast,SARIMA
2026-01-01,NC,million kilowatt hours,IND,,2043.3211371882026,Forecast,SARIMA
2026-02-01,NC,million kilowatt hours,IND,,1940.4196860006377,Forecast,SARIMA
2026-03-01,NC,million kilowatt hours,IND,,2113.2476898085106,Forecast,SARIMA
2026-04-01,NC,million kilowatt hours,IND,,1984.1633984399723,Forecast,SARIMA
2026-05-01,NC,million kilowatt hours,IND,,2243.1835981937757,Forecast,SARIMA
2026-06-01,NC,million kilowatt hours,IND,,2178.6690258119575,Forecast,SARIMA
2026-07-01,NC,million kilowatt hours,IND,,2315.4568167010475,Forecast,SARIMA
2026-08-01,NC,million kilowatt hours,IND,,2334.9229572368868,Forecast,SARIMA
2026-09-01,NC,million kilowatt hours,IND,,2103.9352873193175,Forecast,SARIMA
2026-10-01,NC,million kilowatt hours,IND,,2160.2928155152713,Forecast,SARIMA
2026-11-01,NC,million kilowatt hours,IND,,2110.2002042710383,Forecast,SARIMA
2026-12-01,NC,million kilowatt hours,IND,,1905.5596784689683,Forecast,SARIMA
2027-01-01,NC,million kilowatt hours,IND,,2026.6002850276507,Forecast,SARIMA
2027-02-01,NC,million kilowatt hours,IND,,1922.1767816901665,Forecast,SARIMA
2027-03-01,NC,million kilowatt hours,IND,,2095.5427929181387,Forecast,SARIMA
2027-04-01,NC,million kilowatt hours,IND,,1966.8461565046996,Forecast,SARIMA
2027-05-01,NC,million kilowatt hours,IND,,2226.0182671233642,Forecast,SARIMA
2027-06-01,NC,million kilowatt hours,IND,,2161.5707693650725,Forecast,SARIMA
2027-07-01,NC,million kilowatt hours,IND,,2298.8281006747598,Forecast,SARIMA
2027-08-01,NC,million kilowatt hours,IND,,2317.303012396847,Forecast,SARIMA
2027-09-01,NC,million kilowatt hours,IND,,2087.7097348080347,Forecast,SARIMA
2027-10-01,NC,million kilowatt hours,IND,,2141.9590822145924,Forecast,SARIMA
2027-11-01,NC,million kilowatt hours,IND,,2090.568822509249,Forecast,SARIMA
